id,thu_tu,can,ngu_hanh,ngu_hanh_en,am_duong,nguon,ghi_chu
1,1,Giáp,Mộc,Wood,Dương,quy-uoc-truyen-thong,
2,2,Ất,Mộc,Wood,Âm,quy-uoc-truyen-thong,
3,3,Bính,Hỏa,Fire,Dương,quy-uoc-truyen-thong,
4,4,Đinh,Hỏa,Fire,Âm,quy-uoc-truyen-thong,
5,5,Mậu,Thổ,Earth,Dương,quy-uoc-truyen-thong,
6,6,Kỷ,Thổ,Earth,Âm,quy-uoc-truyen-thong,
7,7,Canh,Kim,Metal,Dương,quy-uoc-truyen-thong,
8,8,Tân,Kim,Metal,Âm,quy-uoc-truyen-thong,
9,9,Nhâm,Thủy,Water,Dương,quy-uoc-truyen-thong,
10,10,Quý,Thủy,Water,Âm,quy-uoc-truyen-thong,
