id,thu_tu,chi,con_giap,ngu_hanh,ngu_hanh_en,khung_gio,nguon,ghi_chu
1,1,Tý,Chuột,Thủy,Water,23h-1h,quy-uoc-truyen-thong,
2,2,Sửu,Trâu,Thổ,Earth,1h-3h,quy-uoc-truyen-thong,
3,3,Dần,Hổ,Mộc,Wood,3h-5h,quy-uoc-truyen-thong,
4,4,Mão,Mèo,Mộc,Wood,5h-7h,quy-uoc-truyen-thong,"Việt Nam dùng Mèo, Trung Quốc và phần lớn Đông Á dùng Thỏ cho chi này"
5,5,Thìn,Rồng,Thổ,Earth,7h-9h,quy-uoc-truyen-thong,
6,6,Tỵ,Rắn,Hỏa,Fire,9h-11h,quy-uoc-truyen-thong,
7,7,Ngọ,Ngựa,Hỏa,Fire,11h-13h,quy-uoc-truyen-thong,
8,8,Mùi,Dê,Thổ,Earth,13h-15h,quy-uoc-truyen-thong,
9,9,Thân,Khỉ,Kim,Metal,15h-17h,quy-uoc-truyen-thong,
10,10,Dậu,Gà,Kim,Metal,17h-19h,quy-uoc-truyen-thong,
11,11,Tuất,Chó,Thổ,Earth,19h-21h,quy-uoc-truyen-thong,
12,12,Hợi,Lợn,Thủy,Water,21h-23h,quy-uoc-truyen-thong,
