id,chu,pythagoras,chaldean,nguyen_am,nguon,ghi_chu
A,A,1,1,co,quy-uoc-he-hien-dai: bảng Pythagoras và Chaldean của thần số học hiện đại,
B,B,2,2,khong,quy-uoc-he-hien-dai: bảng Pythagoras và Chaldean của thần số học hiện đại,
C,C,3,3,khong,quy-uoc-he-hien-dai: bảng Pythagoras và Chaldean của thần số học hiện đại,
D,D,4,4,khong,quy-uoc-he-hien-dai: bảng Pythagoras và Chaldean của thần số học hiện đại,
E,E,5,5,co,quy-uoc-he-hien-dai: bảng Pythagoras và Chaldean của thần số học hiện đại,
F,F,6,8,khong,quy-uoc-he-hien-dai: bảng Pythagoras và Chaldean của thần số học hiện đại,
G,G,7,3,khong,quy-uoc-he-hien-dai: bảng Pythagoras và Chaldean của thần số học hiện đại,
H,H,8,5,khong,quy-uoc-he-hien-dai: bảng Pythagoras và Chaldean của thần số học hiện đại,
I,I,9,1,co,quy-uoc-he-hien-dai: bảng Pythagoras và Chaldean của thần số học hiện đại,
J,J,1,1,khong,quy-uoc-he-hien-dai: bảng Pythagoras và Chaldean của thần số học hiện đại,
K,K,2,2,khong,quy-uoc-he-hien-dai: bảng Pythagoras và Chaldean của thần số học hiện đại,
L,L,3,3,khong,quy-uoc-he-hien-dai: bảng Pythagoras và Chaldean của thần số học hiện đại,
M,M,4,4,khong,quy-uoc-he-hien-dai: bảng Pythagoras và Chaldean của thần số học hiện đại,
N,N,5,5,khong,quy-uoc-he-hien-dai: bảng Pythagoras và Chaldean của thần số học hiện đại,
O,O,6,7,co,quy-uoc-he-hien-dai: bảng Pythagoras và Chaldean của thần số học hiện đại,
P,P,7,8,khong,quy-uoc-he-hien-dai: bảng Pythagoras và Chaldean của thần số học hiện đại,
Q,Q,8,1,khong,quy-uoc-he-hien-dai: bảng Pythagoras và Chaldean của thần số học hiện đại,
R,R,9,2,khong,quy-uoc-he-hien-dai: bảng Pythagoras và Chaldean của thần số học hiện đại,
S,S,1,3,khong,quy-uoc-he-hien-dai: bảng Pythagoras và Chaldean của thần số học hiện đại,
T,T,2,4,khong,quy-uoc-he-hien-dai: bảng Pythagoras và Chaldean của thần số học hiện đại,
U,U,3,6,co,quy-uoc-he-hien-dai: bảng Pythagoras và Chaldean của thần số học hiện đại,
V,V,4,6,khong,quy-uoc-he-hien-dai: bảng Pythagoras và Chaldean của thần số học hiện đại,
W,W,5,6,khong,quy-uoc-he-hien-dai: bảng Pythagoras và Chaldean của thần số học hiện đại,
X,X,6,5,khong,quy-uoc-he-hien-dai: bảng Pythagoras và Chaldean của thần số học hiện đại,
Y,Y,7,1,khong,quy-uoc-he-hien-dai: bảng Pythagoras và Chaldean của thần số học hiện đại,Vài phái coi Y là nguyên âm khi nó đứng giữa hai phụ âm; bảng này xếp Y là phụ âm
Z,Z,8,7,khong,quy-uoc-he-hien-dai: bảng Pythagoras và Chaldean của thần số học hiện đại,
Đ,Đ,4,4,khong,quy-uoc-he-hien-dai: bảng Pythagoras và Chaldean của thần số học hiện đại,Quy về D. Vài công cụ Việt quy Đ về DD và khi ấy con số lệch hẳn
Ă,Ă,1,1,co,quy-uoc-he-hien-dai: bảng Pythagoras và Chaldean của thần số học hiện đại,"Quy về A, bỏ dấu"
Â,Â,1,1,co,quy-uoc-he-hien-dai: bảng Pythagoras và Chaldean của thần số học hiện đại,"Quy về A, bỏ dấu"
Ê,Ê,5,5,co,quy-uoc-he-hien-dai: bảng Pythagoras và Chaldean của thần số học hiện đại,"Quy về E, bỏ dấu"
Ô,Ô,6,7,co,quy-uoc-he-hien-dai: bảng Pythagoras và Chaldean của thần số học hiện đại,"Quy về O, bỏ dấu"
Ơ,Ơ,6,7,co,quy-uoc-he-hien-dai: bảng Pythagoras và Chaldean của thần số học hiện đại,"Quy về O, bỏ dấu"
Ư,Ư,3,6,co,quy-uoc-he-hien-dai: bảng Pythagoras và Chaldean của thần số học hiện đại,"Quy về U, bỏ dấu"
