doi_tuong,loai_doi_tuong,ma,loai,trang_thai,tham_chieu,co_mau,don_vi,dung_sai,mae,rmse,trung_vi,p95,p99,max,lech,so_ngoai_le,mo_hinh,test,mo_ta,mo_ta_en,mo_ta_zh
lich-am-ho-ngoc-duc-utc7-v1,mo-hinh,diem-soc-nasa,doi-chieu-so,dat,NASA,2474,phut,5,1.1,1.3,0.9,2.5,3.1,3.9,0.9,0,lich-am-ho-ngoc-duc-utc7-v1,TestKiemCheoDiemSocNASA,"Điểm sóc của lõi tính trừ điểm sóc NASA trên 2.474 lần sóc 1901 tới 2100, tính bằng phút; âm là lõi tính sớm.","The engine's new moon minus NASA's over 2,474 new moons from 1901 to 2100, in minutes; negative means the engine is early.","1901 至 2100 年 2,474 次朔，引擎朔时减 NASA 朔时，单位为分钟；负值表示引擎偏早。"
lich-am-ho-ngoc-duc-utc7-v1,mo-hinh,thang-am-dung-lai,doi-chieu-ngay,dat-co-ngoai-le,NASA;IMCCE,2461,ngay,0,,,,,,,,2,lich-am-ho-ngoc-duc-utc7-v1,TestKiemCheoLichAmDungLai,"Lịch âm UTC+7 dựng lại chỉ từ điểm sóc NASA và trung khí IMCCE theo quy tắc lịch (mùng 1 là ngày chứa sóc, tháng 11 chứa Đông chí, tháng nhuận là tháng đầu không chứa trung khí), 2.461 tháng từ 12/1901 tới 11/2100; so mùng 1, số tháng và cờ nhuận của lõi tính. 2 tháng khác, đều do điểm sóc rơi sát nửa đêm, kê ở ngoai-le-doi-chieu.csv.","A UTC+7 lunar calendar rebuilt only from NASA new moons and IMCCE principal terms by the calendar rules (day 1 holds the new moon, month 11 holds the winter solstice, the leap month is the first without a principal term), 2,461 months from 12/1901 to 11/2100; the engine's first days, month numbers and leap flags are compared. 2 months differ, each because the new moon falls close to midnight, listed in ngoai-le-doi-chieu.csv.","仅以 NASA 朔与 IMCCE 中气，按历法规则（含朔之日为初一，含冬至之月为十一月，闰月为其后首个无中气之月）重建 UTC+7 农历，自 1901 年 12 月至 2100 年 11 月共 2,461 个月；逐月比较引擎的初一、月序与闰月标记。2 个月不同，皆因朔接近午夜，列于 ngoai-le-doi-chieu.csv。"
quai-khi-manh-hy-6-ngay-7-phan-v1,mo-hinh,dong-chi-imcce,doi-chieu-so,dat,IMCCE,201,phut,15,3.9,4.9,3.1,9.2,10.3,12.3,-3.3,0,quai-khi-manh-hy-6-ngay-7-phan-v1,TestKiemDinhQuaiKhiIMCCE,"Đông chí là neo của phép Quái khí: giờ Đông chí của lõi tính trừ giờ IMCCE trên 201 năm 1900 tới 2100, tính bằng phút.","The winter solstice anchors the Gua Qi method: the engine's solstice moment minus IMCCE's over 201 years from 1900 to 2100, in minutes.",冬至是卦气法的起点：1900 至 2100 年共 201 年，引擎冬至时刻减 IMCCE 冬至时刻，单位为分钟。
quai-khi-manh-hy-6-ngay-7-phan-v1,mo-hinh,que-ngay-dung-lai-imcce,doi-chieu-ngay,dat-co-ngoai-le,IMCCE,73058,ngay,0,,,,,,,,34,quai-khi-manh-hy-6-ngay-7-phan-v1,TestKiemDinhQuaiKhiIMCCE,"Quẻ của từng ngày từ 23/12/1900 tới 31/12/2100 dựng lại theo cùng phép Quái khí nhưng neo vào Đông chí IMCCE, 73.058 ngày; so thứ tự quẻ của lõi tính. 34 ngày khác quẻ, đều là ngày có chỗ giao quẻ cách 12 giờ trưa vài phút, kê ở ngoai-le-doi-chieu.csv kèm số ngày kéo theo mà ngày trong quẻ lệch một.","The hexagram of every day from 23/12/1900 to 31/12/2100 rebuilt by the same Gua Qi method but anchored on the IMCCE winter solstice, 73,058 days; the engine's hexagram position is compared. 34 days differ, each a day whose hexagram change falls a few minutes from 12:00 noon, listed in ngoai-le-doi-chieu.csv with the following days whose day-within-hexagram is off by one.","自 1900 年 12 月 23 日至 2100 年 12 月 31 日，每日之卦按同一卦气法重建，但以 IMCCE 冬至为起点，共 73,058 日；逐日比较引擎的卦序。34 日卦不同，皆为换卦时刻距正午 12 时仅数分钟之日，列于 ngoai-le-doi-chieu.csv，并注明其后卦内日序差一的日数。"
tiet-khi-meeus-c25-bieu-kien-v2,mo-hinh,gio-giao-tiet-imcce,doi-chieu-so,dat,IMCCE,4824,phut,15,4.2,5.1,3.7,9.7,12.3,14.4,-3.2,0,tiet-khi-meeus-c25-bieu-kien-v2,TestKiemCheoGioTietKhi,"Giờ giao tiết của lõi tính trừ giờ IMCCE trên 4.824 mốc 1900 tới 2100, tính bằng phút; âm là lõi tính sớm.","The engine's solar term moment minus the IMCCE moment over 4,824 moments from 1900 to 2100, in minutes; negative means the engine is early.","1900 至 2100 年 4,824 个时刻，引擎交节时刻减 IMCCE 时刻，单位为分钟；负值表示引擎偏早。"
tiet-khi-meeus-c25-bieu-kien-v2,mo-hinh,gio-giao-tiet-usno,doi-chieu-so,dat,USNO,804,phut,15,4.3,5.3,4,10,12,13,-3.3,0,tiet-khi-meeus-c25-bieu-kien-v2,TestKiemCheoGioTietKhi,"Giờ giao tiết của lõi tính trừ giờ USNO trên 804 mốc 1900 tới 2100, tính bằng phút; âm là lõi tính sớm.","The engine's solar term moment minus the USNO moment over 804 moments from 1900 to 2100, in minutes; negative means the engine is early.",1900 至 2100 年 804 个时刻，引擎交节时刻减 USNO 时刻，单位为分钟；负值表示引擎偏早。
tiet-khi-meeus-c25-bieu-kien-v2,mo-hinh,ngay-giao-tiet-imcce,doi-chieu-ngay,dat-co-ngoai-le,IMCCE,4824,ngay,0,,,,,,,,10,tiet-khi-meeus-c25-bieu-kien-v2,TestKiemCheoNgayTietKhiIMCCE,"Ngày giao tiết theo giờ Việt Nam của lõi tính so với ngày chứa mốc IMCCE, 4.824 mốc; 10 mốc khác ngày, mọi mốc ấy cách nửa đêm dưới 15 phút và được kê ở ngoai-le-doi-chieu.csv.","The engine's solar term date in Vietnam time against the date containing the IMCCE moment, 4,824 moments; 10 fall on a different date, all within 15 minutes of midnight, and each is listed in ngoai-le-doi-chieu.csv.","按越南时间比较引擎的交节日期与 IMCCE 时刻所在日期，共 4,824 个时刻；10 个日期不同，均距午夜不足 15 分钟，逐一列于 ngoai-le-doi-chieu.csv。"
tiet-khi-meeus-c25-bieu-kien-v2,mo-hinh,ngay-giao-tiet-usno,doi-chieu-ngay,dat-co-ngoai-le,USNO,804,ngay,0,,,,,,,,4,tiet-khi-meeus-c25-bieu-kien-v2,TestKiemDinhNgayGiaoTietUSNO,"Ngày giao tiết theo giờ Việt Nam của lõi tính so với ngày chứa mốc USNO, 804 mốc; 4 mốc khác ngày, mọi mốc ấy cách nửa đêm dưới 15 phút và được kê ở ngoai-le-doi-chieu.csv.","The engine's solar term date in Vietnam time against the date containing the USNO moment, 804 moments; 4 fall on a different date, all within 15 minutes of midnight, and each is listed in ngoai-le-doi-chieu.csv.",按越南时间比较引擎的交节日期与 USNO 时刻所在日期，共 804 个时刻；4 个日期不同，均距午夜不足 15 分钟，逐一列于 ngoai-le-doi-chieu.csv。
10-thien-can,bo,bat-bien-chu-ky-hoa-giap,kiem-cheo-bo,dat,60-hoa-giap,60,,,,,,,,,,0,,TestKiemCheoBoTrenCSV,"Can của dòng thứ i trong 60-hoa-giap là can thứ (i-1) mod 10 + 1 của bộ này, trên cả 60 dòng.","The stem of row i in 60-hoa-giap is stem number (i-1) mod 10 + 1 of this dataset, over all 60 rows.",60-hoa-giap 第 i 行之天干为本数据集第 (i-1) mod 10 + 1 个天干，涵盖全部 60 行。
12-con-giap-hop-khac,bo,ma-tran-doi-xung,bat-bien,kiem-bang-test,,,,,,,,,,,,,,TestBatBienMaTranConGiapPhatHanh,"Đủ 144 ô, đối xứng, đường chéo là cung_chi, Tứ Hành Xung 36 ô trong đó 12 ô lục xung, trên tệp CSV phát hành.","All 144 cells, symmetric, the diagonal is cung_chi, 36 four-way clash cells of which 12 are six-apart clashes, on the published CSV.",144 格齐全、对称、对角线为 cung_chi，四行冲 36 格其中 12 格为六冲，基于所发布的 CSV。
12-con-giap-hop-khac,bo,suy-tu-chu-ky,bat-bien,kiem-bang-test,,,,,,,,,,,,,,TestSuyTuTrenDuLieuPhatHanh,"Cột khai suy_tu trong meta: cùng giá trị cột nguồn thì cùng giá trị cột suy ra, và cột khai chu kỳ lặp đúng sau chu kỳ ấy, trên mọi dòng của tệp CSV phát hành.","Columns declared in suy_tu: equal source values give equal derived values, and columns with a declared cycle repeat after that cycle, over every row of the published CSV.",元数据 suy_tu 所列之列：来源值相同则推出值相同，声明周期之列按该周期重复，覆盖所发布 CSV 的每一行。
12-dia-chi,bo,bat-bien-chu-ky-hoa-giap,kiem-cheo-bo,dat,60-hoa-giap,60,,,,,,,,,,0,,TestKiemCheoBoTrenCSV,"Chi và con giáp của dòng thứ i trong 60-hoa-giap là chi thứ (i-1) mod 12 + 1 của bộ này, trên cả 60 dòng.","The branch and animal of row i in 60-hoa-giap are branch number (i-1) mod 12 + 1 of this dataset, over all 60 rows.",60-hoa-giap 第 i 行之地支与生肖为本数据集第 (i-1) mod 12 + 1 个地支，涵盖全部 60 行。
12-dia-chi,bo,suy-tu-chu-ky,bat-bien,kiem-bang-test,,,,,,,,,,,,,,TestSuyTuTrenDuLieuPhatHanh,"Cột khai suy_tu trong meta: cùng giá trị cột nguồn thì cùng giá trị cột suy ra, và cột khai chu kỳ lặp đúng sau chu kỳ ấy, trên mọi dòng của tệp CSV phát hành.","Columns declared in suy_tu: equal source values give equal derived values, and columns with a declared cycle repeat after that cycle, over every row of the published CSV.",元数据 suy_tu 所列之列：来源值相同则推出值相同，声明周期之列按该周期重复，覆盖所发布 CSV 的每一行。
12-truc,bo,12-truc-voi-lich-am,kiem-cheo-bo,dat,lich-am-duong-1900-2100,12,,,,,,,,,,0,,TestKiemCheoBoTrenCSV,"Mọi trực ở lich-am-duong-1900-2100 là một tên của bộ này, và cả 12 trực đều có mặt.","Every truc in lich-am-duong-1900-2100 is a name in this dataset, and all 12 occur.",lich-am-duong-1900-2100 中每个建除十二值均为本数据集之名，且十二者俱现。
12-truc,bo,du-muoi-hai-truc,bat-bien,kiem-bang-test,,,,,,,,,,,,,,TestAllTruc_DuMuoiHaiVaCoNghia,"Bảng 12 trực của lõi tính mà bộ in ra: đủ 12, mỗi trực có nghĩa.","The engine's table of 12 truc that the dataset prints: all 12 present, each with a meaning.",数据集所输出之引擎十二值表：十二者齐全，各有释义。
22-an-chinh-tarot,bo,du-hai-muoi-hai-la,bat-bien,kiem-bang-test,,,,,,,,,,,,,,TestAnChinhTarot_DuHaiMuoiHaiLaTheoThuTu,"Bảng Ẩn Chính của lõi tính mà bộ in ra: đủ 22 lá, đúng thứ tự 0 tới 21.","The engine's Major Arcana table that the dataset prints: all 22 cards, in order 0 to 21.",数据集所输出之引擎大阿卡纳表：22 张齐全，按 0 至 21 排序。
24-tiet-khi,bo,24-tiet-khi-voi-moc-tiet-khi,kiem-cheo-bo,dat,moc-tiet-khi-1900-2100,384,,,,,,,,,,0,tiet-khi-meeus-c25-bieu-kien-v2,TestKiemCheoBoTrenCSV,"Ngày bắt đầu mỗi tiết khớp mốc cùng năm, cùng kinh độ ở moc-tiet-khi-1900-2100, trên mọi dòng.","Each term's start date equals the moment of the same year and longitude in moc-tiet-khi-1900-2100, on every row.",每个节气的起始日与 moc-tiet-khi-1900-2100 中同年同黄经之时刻一致，覆盖每一行。
56-an-phu-tarot,bo,bo-78-la,bat-bien,kiem-bang-test,,,,,,,,,,,,,,TestAllTarotCardsReturns78,"Bộ 78 lá của lõi tính, nguồn của 56 lá Ẩn Phụ trong bộ: đủ 78 lá.","The engine's 78-card deck, source of the 56 Minor Arcana here: all 78 cards present.",引擎之 78 张牌组，即本数据集 56 张小阿卡纳之来源：78 张齐全。
60-hoa-giap,bo,bat-bien-chu-ky-hoa-giap,bat-bien,dat,10-thien-can;12-dia-chi,60,,,,,,,,,,0,,TestKiemCheoBoTrenCSV,"Bất biến chu kỳ: 60 dòng, mỗi cặp can chi đúng một lần, dòng i mang can (i-1) mod 10 và chi (i-1) mod 12; nạp âm đi theo cặp dòng, đủ 30 tên; mỗi năm trong cac_nam xuất hiện một lần, năm y ở dòng ((y-4) mod 60)+1.","Cycle invariants: 60 rows, each stem-branch pair exactly once, row i carries stem (i-1) mod 10 and branch (i-1) mod 12; Na Yin goes by pairs of rows, 30 names in all; each year in cac_nam appears once, year y at row ((y-4) mod 60)+1.",周期不变量：60 行，每组干支恰出现一次，第 i 行为第 (i-1) mod 10 个天干与第 (i-1) mod 12 个地支；纳音两行一组，共 30 名；cac_nam 中每年只出现一次，y 年在第 ((y-4) mod 60)+1 行。
60-hoa-giap,bo,can-chi-lich-am-voi-hoa-giap,kiem-cheo-bo,dat,lich-am-duong-1900-2100,73414,,,,,,,,,,0,,TestKiemCheoBoTrenCSV,"Mọi can chi ngày và năm của lich-am-duong-1900-2100 có trong bộ này; can chi ngày đi một bước vòng 60 mỗi ngày, can chi năm đổi một bước khi năm âm đổi, và khớp cột cac_nam.","Every day and year stem-branch in lich-am-duong-1900-2100 is in this dataset; the day pair advances one step of the 60-cycle per day, the year pair one step when the lunar year changes, matching cac_nam.",lich-am-duong-1900-2100 中所有日干支、年干支均见于本数据集；日干支每日前进一位，年干支于农历年更替时前进一位，并与 cac_nam 一致。
60-hoa-giap,bo,khop-dong-co,doi-chieu-dong-co,kiem-bang-test,,,,,,,,,,,,,,TestDoiChieuNguoc_HoaGiapKhopEngine,"Mỗi dòng khớp đúng giá trị lõi tính trả cho cùng đầu vào: kiểm bộ in đúng lõi tính, KHÔNG phải kiểm lõi tính đúng.","Every row equals what the engine returns for the same input: this checks that the dataset prints the engine faithfully, NOT that the engine is right.",每行均等于引擎对同一输入的返回值：此项检验数据集如实输出引擎结果，并不检验引擎本身正确。
60-hoa-giap,bo,suy-tu-chu-ky,bat-bien,kiem-bang-test,,,,,,,,,,,,,,TestSuyTuTrenDuLieuPhatHanh,"Cột khai suy_tu trong meta: cùng giá trị cột nguồn thì cùng giá trị cột suy ra, và cột khai chu kỳ lặp đúng sau chu kỳ ấy, trên mọi dòng của tệp CSV phát hành.","Columns declared in suy_tu: equal source values give equal derived values, and columns with a declared cycle repeat after that cycle, over every row of the published CSV.",元数据 suy_tu 所列之列：来源值相同则推出值相同，声明周期之列按该周期重复，覆盖所发布 CSV 的每一行。
64-que-kinh-dich,bo,hao-va-quai,bat-bien,kiem-bang-test,,,,,,,,,,,,,,TestBatBien64QuePhatHanh,"Trên tệp CSV phát hành: hào đúng sáu ký tự 0 và 1, 64 mã khác nhau, quẻ hạ và quẻ thượng là quái của ba hào dưới và ba hào trên.","On the published CSV: lines are six characters of 0 and 1, 64 distinct codes, lower and upper trigrams are those of the bottom and top three lines.",基于所发布的 CSV：爻为六位 0 与 1，64 个编码各不相同，下卦与上卦分别为下三爻与上三爻之卦。
64-que-kinh-dich,bo,chu-dich-ban-nghia,doi-chieu-van-ban,kiem-bang-test,Chu Dịch bản nghĩa (Chu Hy),,,,,,,,,,,,,TestBatBien64Que,"Số King Wen, tên Hán, cặp quái thượng hạ và bát cung của đủ 64 quẻ đối chiếu hai bài ca trong Chu Dịch bản nghĩa, tách bằng máy.","King Wen numbers, Chinese names, upper and lower trigrams and the eight palaces of all 64 hexagrams checked against the two mnemonic poems of Zhu Xi's Zhouyi Benyi, parsed by machine.",六十四卦之文王序号、汉字卦名、上下卦与八宫，以机器解析朱熹《周易本义》所载两首歌诀逐一核对。
9-sao-chieu-menh,bo,du-chin-sao,bat-bien,kiem-bang-test,,,,,,,,,,,,,,TestAllSaoCuuDieu_DuChinSaoVaKhopSaoChieuMenh,"Bảng Cửu Diệu của lõi tính mà bộ in ra: đủ chín sao, khớp phép tính sao chiếu mệnh.","The engine's Nine Stars table that the dataset prints: all nine stars, consistent with the ruling-star calculation.",数据集所输出之引擎九曜表：九星齐全，与本命星推算一致。
bien-cung-hoang-dao-1950-2050,bo,bien-cung-voi-moc-tiet-khi,kiem-cheo-bo,dat,moc-tiet-khi-1900-2100,1212,,,,,,,,,,0,tiet-khi-meeus-c25-bieu-kien-v2,TestKiemCheoBoTrenCSV,"Ngày, giờ, phút vào cung khớp mốc cùng năm, cùng hoàng kinh ở moc-tiet-khi-1900-2100, trên mọi dòng.","The date, hour and minute of entering each sign equal the moment of the same year and longitude in moc-tiet-khi-1900-2100, on every row.",每行入宫之日期、时、分均与 moc-tiet-khi-1900-2100 中同年同黄经之时刻一致。
bien-cung-hoang-dao-1950-2050,bo,suy-tu-chu-ky,bat-bien,kiem-bang-test,,,,,,,,,,,,,tiet-khi-meeus-c25-bieu-kien-v2,TestSuyTuTrenDuLieuPhatHanh,"Cột khai suy_tu trong meta: cùng giá trị cột nguồn thì cùng giá trị cột suy ra, và cột khai chu kỳ lặp đúng sau chu kỳ ấy, trên mọi dòng của tệp CSV phát hành.","Columns declared in suy_tu: equal source values give equal derived values, and columns with a declared cycle repeat after that cycle, over every row of the published CSV.",元数据 suy_tu 所列之列：来源值相同则推出值相同，声明周期之列按该周期重复，覆盖所发布 CSV 的每一行。
cau-hoi-danh-gia-tim-kiem,bo,chua-kiem-dinh,khong-co,chua-kiem-dinh,,,,,,,,,,,,,,,"Chưa có phép kiểm nội dung nào; chỉ có kiểm khuôn chung của mọi bộ (id duy nhất, số ô khớp số cột, đủ ba thứ tiếng).","No content check yet; only the checks every dataset gets (unique id, cell count matching the columns, all three languages).",尚无内容检验；仅有所有数据集共有的格式检验（id 唯一、单元格数与列数一致、三种语言齐全）。
chu-sang-so-than-so-hoc,bo,chua-kiem-dinh,khong-co,chua-kiem-dinh,,,,,,,,,,,,,,,"Chưa có phép kiểm nội dung nào; chỉ có kiểm khuôn chung của mọi bộ (id duy nhất, số ô khớp số cột, đủ ba thứ tiếng).","No content check yet; only the checks every dataset gets (unique id, cell count matching the columns, all three languages).",尚无内容检验；仅有所有数据集共有的格式检验（id 唯一、单元格数与列数一致、三种语言齐全）。
cung-phi-bat-trach,bo,cung-phi-voi-can-chi-tam-nguyen,kiem-cheo-bo,dat,60-hoa-giap,400,,,,,,,,,,0,,TestKiemCheoBoTrenCSV,"Cung phi tính lại từ can chi của năm (tra 60-hoa-giap) theo khẩu quyết Tam Nguyên, độc lập với công thức cộng chữ số của lõi tính: nam Giáp Tý thượng, trung, hạ nguyên khởi Khảm, Tốn, Đoài rồi lùi; nữ khởi Trung cung, Khôn, Cấn rồi tiến; quẻ mệnh và nhóm Đông, Tây tứ mệnh khớp cung.","The Kua recomputed from the year's stem-branch (looked up in 60-hoa-giap) by the Three Eras mnemonic, independent of the engine's digit-sum formula: for men the Jiazi year of the upper, middle and lower era starts at Kan, Xun, Dui and moves back; for women at the centre, Kun, Gen and moves forward; the life trigram and East or West group match the Kua.",依三元口诀由年干支（查 60-hoa-giap）重算命卦，独立于引擎的数字相加公式：男命上中下元甲子起坎、巽、兑逆行；女命起中宫、坤、艮顺行；命卦与东西四命分组须与命卦数一致。
cung-phi-bat-trach,bo,khop-dong-co,doi-chieu-dong-co,kiem-bang-test,,,,,,,,,,,,,,TestDoiChieuNguoc_CungPhiKhopEngine,"Mỗi dòng khớp đúng giá trị lõi tính trả cho cùng đầu vào: kiểm bộ in đúng lõi tính, KHÔNG phải kiểm lõi tính đúng.","Every row equals what the engine returns for the same input: this checks that the dataset prints the engine faithfully, NOT that the engine is right.",每行均等于引擎对同一输入的返回值：此项检验数据集如实输出引擎结果，并不检验引擎本身正确。
cung-phi-bat-trach,bo,suy-tu-chu-ky,bat-bien,kiem-bang-test,,,,,,,,,,,,,,TestSuyTuTrenDuLieuPhatHanh,"Cột khai suy_tu trong meta: cùng giá trị cột nguồn thì cùng giá trị cột suy ra, và cột khai chu kỳ lặp đúng sau chu kỳ ấy, trên mọi dòng của tệp CSV phát hành.","Columns declared in suy_tu: equal source values give equal derived values, and columns with a declared cycle repeat after that cycle, over every row of the published CSV.",元数据 suy_tu 所列之列：来源值相同则推出值相同，声明周期之列按该周期重复，覆盖所发布 CSV 的每一行。
diem-bat-dong-giua-cac-phai,bo,chua-kiem-dinh,khong-co,chua-kiem-dinh,,,,,,,,,,,,,,,"Chưa có phép kiểm nội dung nào; chỉ có kiểm khuôn chung của mọi bộ (id duy nhất, số ô khớp số cột, đủ ba thứ tiếng).","No content check yet; only the checks every dataset gets (unique id, cell count matching the columns, all three languages).",尚无内容检验；仅有所有数据集共有的格式检验（id 唯一、单元格数与列数一致、三种语言齐全）。
gio-hoang-dao-60-ngay,bo,sau-gio-hoang-dao,bat-bien,kiem-bang-test,,,,,,,,,,,,,,TestBatBienGioHoangDaoPhatHanh,"Mỗi ngày can chi đủ 12 khung giờ, đúng sáu giờ hoàng đạo, trên tệp CSV phát hành.","Every stem-branch day has all 12 double hours, exactly six of them auspicious, on the published CSV.",基于所发布的 CSV，每个干支日十二时辰齐全，其中恰六个黄道时辰。
gio-hoang-dao-60-ngay,bo,suy-tu-chu-ky,bat-bien,kiem-bang-test,,,,,,,,,,,,,,TestSuyTuTrenDuLieuPhatHanh,"Cột khai suy_tu trong meta: cùng giá trị cột nguồn thì cùng giá trị cột suy ra, và cột khai chu kỳ lặp đúng sau chu kỳ ấy, trên mọi dòng của tệp CSV phát hành.","Columns declared in suy_tu: equal source values give equal derived values, and columns with a declared cycle repeat after that cycle, over every row of the published CSV.",元数据 suy_tu 所列之列：来源值相同则推出值相同，声明周期之列按该周期重复，覆盖所发布 CSV 的每一行。
hoa-giap-ghep-cheo,bo,suy-tu-chu-ky,bat-bien,kiem-bang-test,,,,,,,,,,,,,,TestSuyTuTrenDuLieuPhatHanh,"Cột khai suy_tu trong meta: cùng giá trị cột nguồn thì cùng giá trị cột suy ra, và cột khai chu kỳ lặp đúng sau chu kỳ ấy, trên mọi dòng của tệp CSV phát hành.","Columns declared in suy_tu: equal source values give equal derived values, and columns with a declared cycle repeat after that cycle, over every row of the published CSV.",元数据 suy_tu 所列之列：来源值相同则推出值相同，声明周期之列按该周期重复，覆盖所发布 CSV 的每一行。
le-hoi-quy-doi-ngay-duong,bo,le-hoi-quy-doi-voi-lich-am,vet-can,dat,lich-am-duong-1900-2100,3598,,,,,,,,,,0,lich-am-ho-ngoc-duc-utc7-v1,TestKiemCheoBoTrenCSV,"Vét cạn mọi đầu vào có thể có (ngày âm 1 tới 30 của 12 tháng, mọi ngày dương kể cả 29/2) trong năm năm của bộ: mỗi dòng rơi vào ngày có thật, đúng thứ, ngày âm và năm âm khớp lich-am-duong-1900-2100; dòng có khi và chỉ khi ngày ấy tồn tại năm đó. Kho lễ hội thật kiểm cùng phép ở cmd/dulieujob.","Exhaustive over every possible input (lunar days 1 to 30 of the 12 months, every solar date including 29 February) across the dataset's five years: each row falls on a real date with the right weekday, its lunar date and lunar year match lich-am-duong-1900-2100; a row exists exactly when that date exists that year. The real festival store is checked the same way in cmd/dulieujob.",在本数据集的五年内穷举所有可能输入（十二个月农历初一至三十、含 2 月 29 日在内的全部公历日期）：每行落在真实日期、星期正确，农历日与农历年与 lich-am-duong-1900-2100 一致；当且仅当该日当年存在时才有该行。真实节庆库在 cmd/dulieujob 以同一方法检验。
le-hoi-tin-nguong-theo-dan-toc,bo,chua-kiem-dinh,khong-co,chua-kiem-dinh,,,,,,,,,,,,,,,"Chưa có phép kiểm nội dung nào; chỉ có kiểm khuôn chung của mọi bộ (id duy nhất, số ô khớp số cột, đủ ba thứ tiếng).","No content check yet; only the checks every dataset gets (unique id, cell count matching the columns, all three languages).",尚无内容检验；仅有所有数据集共有的格式检验（id 唯一、单元格数与列数一致、三种语言齐全）。
le-hoi-viet-nam,bo,chua-kiem-dinh,khong-co,chua-kiem-dinh,,,,,,,,,,,,,,,"Chưa có phép kiểm nội dung nào; chỉ có kiểm khuôn chung của mọi bộ (id duy nhất, số ô khớp số cột, đủ ba thứ tiếng).","No content check yet; only the checks every dataset gets (unique id, cell count matching the columns, all three languages).",尚无内容检验；仅有所有数据集共有的格式检验（id 唯一、单元格数与列数一致、三种语言齐全）。
lich-am-duong-1900-2100,bo,lich-lien-tuc,bat-bien,kiem-bang-test,,,,,,,,,,,,,lich-am-ho-ngoc-duc-utc7-v1;tiet-khi-meeus-c25-bieu-kien-v2,TestBatBienLichAmPhatHanh,"Mỗi ngày dương đúng một dòng; ngày âm tăng một hay về mùng 1; tháng âm 29 hay 30 ngày; tháng nhuận đứng sau tháng thường cùng số, mỗi năm âm nhiều nhất một; 74 tháng nhuận.","One row per solar day; the lunar day rises by one or returns to 1; lunar months of 29 or 30 days; a leap month follows the regular month of the same number, at most one per lunar year; 74 leap months.",每个公历日一行；农历日逐日加一或回到初一；农历月 29 或 30 日；闰月紧随同序之正月，每个农历年至多一个；共 74 个闰月。
lich-am-duong-1900-2100,bo,giao-tiet-voi-moc,kiem-cheo-bo,kiem-bang-test,moc-tiet-khi-1900-2100,,,,,,,,,,,,lich-am-ho-ngoc-duc-utc7-v1;tiet-khi-meeus-c25-bieu-kien-v2,TestLichAmDuongGiaoTiet,"Hai cột giao tiết khớp moc-tiet-khi-1900-2100, và cột tiet_khi đúng là tiết lúc 12 giờ trưa.","The two solar-term change columns match moc-tiet-khi-1900-2100, and tiet_khi is the term in force at noon.",两个交节列与 moc-tiet-khi-1900-2100 一致，tiet_khi 列确为正午所值之节气。
lich-am-duong-1900-2100,bo,suy-tu-chu-ky,bat-bien,kiem-bang-test,,,,,,,,,,,,,lich-am-ho-ngoc-duc-utc7-v1;tiet-khi-meeus-c25-bieu-kien-v2,TestSuyTuTrenDuLieuPhatHanh,"Cột khai suy_tu trong meta: cùng giá trị cột nguồn thì cùng giá trị cột suy ra, và cột khai chu kỳ lặp đúng sau chu kỳ ấy, trên mọi dòng của tệp CSV phát hành.","Columns declared in suy_tu: equal source values give equal derived values, and columns with a declared cycle repeat after that cycle, over every row of the published CSV.",元数据 suy_tu 所列之列：来源值相同则推出值相同，声明周期之列按该周期重复，覆盖所发布 CSV 的每一行。
moc-tiet-khi-1900-2100,bo,cot-sai-so,bat-bien,kiem-bang-test,,,,,,,,,,,,,tiet-khi-meeus-c25-bieu-kien-v2,TestMocTietKhiCotSaiSo,"Bốn cột sai số từng mốc nhất quán: sat_nua_dem theo phut_toi_nua_dem, lệch IMCCE trong biên, rui_ro_bien theo đúng luật đã khai.","The four per-moment error columns are consistent: sat_nua_dem follows phut_toi_nua_dem, the IMCCE offset stays within the bound, rui_ro_bien follows the declared rule.",每个时刻的四个误差列一致：sat_nua_dem 与 phut_toi_nua_dem 相符，与 IMCCE 之差在界限内，rui_ro_bien 合乎所述规则。
ngay-ky-dan-gian-2026-2035,bo,ngay-ky-voi-lich-am,kiem-cheo-bo,dat,lich-am-duong-1900-2100,3652,,,,,,,,,,0,lich-am-ho-ngoc-duc-utc7-v1,TestKiemCheoBoTrenCSV,"Ngày âm, tháng âm, cờ nhuận, can chi ngày của mỗi dòng khớp dòng cùng ngày ở lich-am-duong-1900-2100; Tam Nương, Nguyệt Kỵ đúng theo ngày âm; so_phep_pham đếm đúng bốn phép.","Each row's lunar day, month, leap flag and day stem-branch equal the same date in lich-am-duong-1900-2100; Tam Nuong and Nguyet Ky follow the lunar day; so_phep_pham counts the four rules correctly.",每行之农历日、月、闰月标记、日干支与 lich-am-duong-1900-2100 同日一致；三娘、月忌依农历日判定无误；so_phep_pham 正确计数四项规则。
ngay-ky-dan-gian-2026-2035,bo,suy-tu-chu-ky,bat-bien,kiem-bang-test,,,,,,,,,,,,,lich-am-ho-ngoc-duc-utc7-v1,TestSuyTuTrenDuLieuPhatHanh,"Cột khai suy_tu trong meta: cùng giá trị cột nguồn thì cùng giá trị cột suy ra, và cột khai chu kỳ lặp đúng sau chu kỳ ấy, trên mọi dòng của tệp CSV phát hành.","Columns declared in suy_tu: equal source values give equal derived values, and columns with a declared cycle repeat after that cycle, over every row of the published CSV.",元数据 suy_tu 所列之列：来源值相同则推出值相同，声明周期之列按该周期重复，覆盖所发布 CSV 的每一行。
que-ngay-quai-khi-1900-2100,bo,tinh-lai-tu-cot,kiem-cheo-bo,kiem-bang-test,thu-tu-60-que-quai-khi,,,,,,,,,,,,quai-khi-manh-hy-6-ngay-7-phan-v1;tiet-khi-meeus-c25-bieu-kien-v2,TestQueNgayTinhLaiTuCot,"Quẻ của mỗi ngày tính lại được từ cột dong_chi, phut_tu_dong_chi và thứ tự 60 quẻ.","Each day's hexagram can be recomputed from dong_chi, phut_tu_dong_chi and the order of the 60 hexagrams.",每日之卦可由 dong_chi、phut_tu_dong_chi 与六十卦次序重新算出。
que-ngay-quai-khi-1900-2100,bo,du-sau-muoi-que-moi-nam,bat-bien,kiem-bang-test,,,,,,,,,,,,,quai-khi-manh-hy-6-ngay-7-phan-v1;tiet-khi-meeus-c25-bieu-kien-v2,TestQueNgayMoiNamDuSauMuoiQue,"Mỗi năm Quái khí đủ 60 quẻ, đúng thứ tự.","Every Gua Qi year has all 60 hexagrams, in order.",每个卦气年六十卦齐全且次序正确。
que-ngay-quai-khi-1900-2100,bo,suy-tu-chu-ky,bat-bien,kiem-bang-test,,,,,,,,,,,,,quai-khi-manh-hy-6-ngay-7-phan-v1;tiet-khi-meeus-c25-bieu-kien-v2,TestSuyTuTrenDuLieuPhatHanh,"Cột khai suy_tu trong meta: cùng giá trị cột nguồn thì cùng giá trị cột suy ra, và cột khai chu kỳ lặp đúng sau chu kỳ ấy, trên mọi dòng của tệp CSV phát hành.","Columns declared in suy_tu: equal source values give equal derived values, and columns with a declared cycle repeat after that cycle, over every row of the published CSV.",元数据 suy_tu 所列之列：来源值相同则推出值相同，声明周期之列按该周期重复，覆盖所发布 CSV 的每一行。
tam-tai-kim-lau-hoang-oc,bo,bang-tra-dang-luu-hanh,doi-chieu-bang-tra,kiem-bang-test,"bảng tra Kim Lâu, Hoang Ốc đang lưu hành",,,,,,,,,,,,,TestKimLauKhopBangTraDangLuuHanh;TestHoangOcKhopBangTraDangLuuHanh,Phép tính Kim Lâu và Hoang Ốc của lõi tính khớp bảng tra đang lưu hành; Tam Tai khớp tiện ích sao chiếu mệnh (TestTamTaiKhopVoiTinhNangSaoChieuMenh).,The engine's Kim Lau and Hoang Oc calculations match the lookup tables in circulation; Tam Tai matches the ruling-star tool (TestTamTaiKhopVoiTinhNangSaoChieuMenh).,引擎之金楼、荒屋推算与通行查表一致；三灾与本命星工具一致（TestTamTaiKhopVoiTinhNangSaoChieuMenh）。
thu-tu-60-que-quai-khi,bo,tan-duong-thu,doi-chieu-van-ban,kiem-bang-test,"Tân Đường thư, quyển 28 thượng",,,,,,,,,,,,quai-khi-manh-hy-6-ngay-7-phan-v1;tiet-khi-meeus-c25-bieu-kien-v2,TestThuTuQuaiKhi,Thứ tự 60 quẻ và tên chữ Hán ghim theo bảng phát liễm của lịch Đại Diễn trong Tân Đường thư.,The order of the 60 hexagrams and their Chinese names are pinned to the Dayan calendar table in the New Book of Tang.,六十卦次序及汉字卦名依《新唐书》大衍历发敛术之表逐一核定。
thu-tu-60-que-quai-khi,bo,phut-bat-dau,bat-bien,kiem-bang-test,,,,,,,,,,,,,quai-khi-manh-hy-6-ngay-7-phan-v1;tiet-khi-meeus-c25-bieu-kien-v2,TestBatBienThuTuQuaiKhiPhatHanh,"Trên tệp CSV phát hành: phut_bat_dau bằng (thu_tu trừ 1) nhân 8.766, mỗi vị trí một quẻ, 60 quẻ khác nhau.","On the published CSV: phut_bat_dau equals (thu_tu minus 1) times 8,766, one hexagram per position, 60 distinct hexagrams.","基于所发布的 CSV：phut_bat_dau 等于 (thu_tu 减 1) 乘 8,766，每位一卦，六十卦各不相同。"
thuoc-lo-ban,bo,bo-chu-han-goc,doi-chieu-van-ban,kiem-bang-test,bộ chữ Hán của thước Lỗ Ban,,,,,,,,,,,,,TestCauTrucBaThuocKhopDacTa;TestThuocDuongTrachKhopBoChuHanGoc,Cấu trúc ba loại thước khớp đặc tả; thước Dương trạch khớp bộ chữ Hán gốc của các cung.,The structure of the three rulers matches the specification; the Yang-dwelling ruler matches the original Chinese characters of its sections.,三种尺之结构合乎规格；阳宅尺与各宫原本汉字一致。
