id,bo,bo_lien_quan,mo_hinh,phep_kiem,tham_chieu,moc,truong,ket_qua_dong_co,ket_qua_tham_chieu,chenh_lech,don_vi,so_dong_anh_huong,ly_do,ly_do_en,ly_do_zh,he_qua,he_qua_en,he_qua_zh,test
lich-am-2072-12-09,lich-am-duong-1900-2100,,lich-am-ho-ngoc-duc-utc7-v1,thang-am-dung-lai,NASA;IMCCE,2072-12-09,ngay_am;thang_am,30/10,1/11,1,ngay,30,"Điểm sóc NASA lúc 2072-12-09 23:59 giờ Việt Nam, cách nửa đêm 1,0 phút; lõi tính tính sóc muộn 1,2 phút (lúc 2072-12-10 00:00), trong biên sai số 5 phút, nên mùng 1 tháng 11 rơi vào 2072-12-10 thay vì 2072-12-09 như lịch dựng lại từ sóc NASA và trung khí IMCCE.","The NASA new moon is at 2072-12-09 23:59 Vietnam time, 1.0 minutes from midnight; the engine's new moon is 1.2 minutes late (at 2072-12-10 00:00), within the 5-minute bound, so day 1 of month 11 falls on 2072-12-10 instead of 2072-12-09 as in the calendar rebuilt from NASA new moons and IMCCE principal terms.",NASA 朔在越南时间 2072-12-09 23:59，距午夜 1.0 分钟；引擎之朔偏晚 1.2 分钟（2072-12-10 00:00），在 5 分钟误差界限之内，故 11 月初一落在 2072-12-10，而以 NASA 朔与 IMCCE 中气重建之历为 2072-12-09。,"30 dòng của lich-am-duong-1900-2100, từ 2072-12-09 tới 2073-01-07, ghi ngày âm lệch một ngày so với lịch dựng lại (cột ngay_am, và thang_am ở ngày chuyển tháng); can chi, tiết khí không đổi.","30 rows of lich-am-duong-1900-2100, from 2072-12-09 to 2073-01-07, give a lunar date one day off the rebuilt calendar (ngay_am, and thang_am on the month-change day); stem-branch and solar terms are unaffected.",lich-am-duong-1900-2100 自 2072-12-09 至 2073-01-07 共 30 行，农历日期与重建之历差一天（ngay_am 列，换月之日 thang_am 亦然）；干支、节气不受影响。,TestKiemCheoLichAmDungLai
lich-am-2085-10-18,lich-am-duong-1900-2100,,lich-am-ho-ngoc-duc-utc7-v1,thang-am-dung-lai,NASA;IMCCE,2085-10-19,ngay_am;thang_am,2/9,1/9,-1,ngay,30,"Điểm sóc NASA lúc 2085-10-19 00:00 giờ Việt Nam, cách nửa đêm 0,0 phút; lõi tính tính sóc sớm 0,8 phút (lúc 2085-10-18 23:59), trong biên sai số 5 phút, nên mùng 1 tháng 9 rơi vào 2085-10-18 thay vì 2085-10-19 như lịch dựng lại từ sóc NASA và trung khí IMCCE.","The NASA new moon is at 2085-10-19 00:00 Vietnam time, 0.0 minutes from midnight; the engine's new moon is 0.8 minutes early (at 2085-10-18 23:59), within the 5-minute bound, so day 1 of month 9 falls on 2085-10-18 instead of 2085-10-19 as in the calendar rebuilt from NASA new moons and IMCCE principal terms.",NASA 朔在越南时间 2085-10-19 00:00，距午夜 0.0 分钟；引擎之朔偏早 0.8 分钟（2085-10-18 23:59），在 5 分钟误差界限之内，故 9 月初一落在 2085-10-18，而以 NASA 朔与 IMCCE 中气重建之历为 2085-10-19。,"30 dòng của lich-am-duong-1900-2100, từ 2085-10-18 tới 2085-11-16, ghi ngày âm lệch một ngày so với lịch dựng lại (cột ngay_am, và thang_am ở ngày chuyển tháng); can chi, tiết khí không đổi.","30 rows of lich-am-duong-1900-2100, from 2085-10-18 to 2085-11-16, give a lunar date one day off the rebuilt calendar (ngay_am, and thang_am on the month-change day); stem-branch and solar terms are unaffected.",lich-am-duong-1900-2100 自 2085-10-18 至 2085-11-16 共 30 行，农历日期与重建之历差一天（ngay_am 列，换月之日 thang_am 亦然）；干支、节气不受影响。,TestKiemCheoLichAmDungLai
tiet-khi-imcce-1908-285,moc-tiet-khi-1900-2100,lich-am-duong-1900-2100,tiet-khi-meeus-c25-bieu-kien-v2,ngay-giao-tiet-imcce,IMCCE,1908-01-06,ngay_bat_dau,1908-01-06 23:56,1908-01-07 00:01:07,-5.1,phut,1,"Lõi tính cho tiết Tiểu Hàn (285 độ) năm 1908 giao lúc 1908-01-06 23:56 giờ Việt Nam, IMCCE cho 1908-01-07 00:01:07: lõi tính sớm 5,1 phút, trong biên sai số 15 phút, nhưng mốc IMCCE cách nửa đêm 1,1 phút nên hai bên rơi vào hai ngày.","The engine puts Minor Cold (285 degrees) of 1908 at 1908-01-06 23:56 Vietnam time, IMCCE at 1908-01-07 00:01:07: the engine is 5.1 minutes early, within the 15-minute bound, but the IMCCE moment is 1.1 minutes from midnight so the two fall on different dates.",引擎推得 1908 年黄经 285 度之节气交节于越南时间 1908-01-06 23:56，IMCCE 为 1908-01-07 00:01:07：引擎偏早 5.1 分钟，在 15 分钟误差界限之内，但 IMCCE 时刻距午夜仅 1.1 分钟，故两者落在不同日期。,"Cột ngay_bat_dau ghi 1908-01-06, nguồn thiên văn cho 1908-01-07; ở lich-am-duong-1900-2100, cột tiet_khi_giao_trong_ngay và gio_giao_tiet nằm ở dòng 1908-01-06 thay vì 1908-01-07 (cột tiet_khi lấy lúc 12 giờ trưa nên không đổi).","ngay_bat_dau reads 1908-01-06, the astronomical source gives 1908-01-07; in lich-am-duong-1900-2100 the tiet_khi_giao_trong_ngay and gio_giao_tiet columns sit on row 1908-01-06 instead of 1908-01-07 (tiet_khi is taken at noon and does not change).",ngay_bat_dau 记为 1908-01-06，天文来源为 1908-01-07；lich-am-duong-1900-2100 的 tiet_khi_giao_trong_ngay 与 gio_giao_tiet 两列落在 1908-01-06 一行而非 1908-01-07（tiet_khi 取正午，不受影响）。,TestKiemCheoNgayTietKhiIMCCE
tiet-khi-imcce-1946-030,moc-tiet-khi-1900-2100,lich-am-duong-1900-2100,tiet-khi-meeus-c25-bieu-kien-v2,ngay-giao-tiet-imcce,IMCCE,1946-04-20,ngay_bat_dau,1946-04-20 23:53,1946-04-21 00:02:08,-9.1,phut,1,"Lõi tính cho tiết Cốc Vũ (30 độ) năm 1946 giao lúc 1946-04-20 23:53 giờ Việt Nam, IMCCE cho 1946-04-21 00:02:08: lõi tính sớm 9,1 phút, trong biên sai số 15 phút, nhưng mốc IMCCE cách nửa đêm 2,1 phút nên hai bên rơi vào hai ngày.","The engine puts Grain Rain (30 degrees) of 1946 at 1946-04-20 23:53 Vietnam time, IMCCE at 1946-04-21 00:02:08: the engine is 9.1 minutes early, within the 15-minute bound, but the IMCCE moment is 2.1 minutes from midnight so the two fall on different dates.",引擎推得 1946 年黄经 30 度之节气交节于越南时间 1946-04-20 23:53，IMCCE 为 1946-04-21 00:02:08：引擎偏早 9.1 分钟，在 15 分钟误差界限之内，但 IMCCE 时刻距午夜仅 2.1 分钟，故两者落在不同日期。,"Cột ngay_bat_dau ghi 1946-04-20, nguồn thiên văn cho 1946-04-21; ở lich-am-duong-1900-2100, cột tiet_khi_giao_trong_ngay và gio_giao_tiet nằm ở dòng 1946-04-20 thay vì 1946-04-21 (cột tiet_khi lấy lúc 12 giờ trưa nên không đổi).","ngay_bat_dau reads 1946-04-20, the astronomical source gives 1946-04-21; in lich-am-duong-1900-2100 the tiet_khi_giao_trong_ngay and gio_giao_tiet columns sit on row 1946-04-20 instead of 1946-04-21 (tiet_khi is taken at noon and does not change).",ngay_bat_dau 记为 1946-04-20，天文来源为 1946-04-21；lich-am-duong-1900-2100 的 tiet_khi_giao_trong_ngay 与 gio_giao_tiet 两列落在 1946-04-20 一行而非 1946-04-21（tiet_khi 取正午，不受影响）。,TestKiemCheoNgayTietKhiIMCCE
tiet-khi-imcce-1948-000,moc-tiet-khi-1900-2100,lich-am-duong-1900-2100,tiet-khi-meeus-c25-bieu-kien-v2,ngay-giao-tiet-imcce,IMCCE,1948-03-20,ngay_bat_dau,1948-03-21 00:01,1948-03-20 23:56:44,4.3,phut,1,"Lõi tính cho tiết Xuân Phân (0 độ) năm 1948 giao lúc 1948-03-21 00:01 giờ Việt Nam, IMCCE cho 1948-03-20 23:56:44: lõi tính muộn 4,3 phút, trong biên sai số 15 phút, nhưng mốc IMCCE cách nửa đêm 3,3 phút nên hai bên rơi vào hai ngày.","The engine puts Vernal Equinox (0 degrees) of 1948 at 1948-03-21 00:01 Vietnam time, IMCCE at 1948-03-20 23:56:44: the engine is 4.3 minutes late, within the 15-minute bound, but the IMCCE moment is 3.3 minutes from midnight so the two fall on different dates.",引擎推得 1948 年黄经 0 度之节气交节于越南时间 1948-03-21 00:01，IMCCE 为 1948-03-20 23:56:44：引擎偏晚 4.3 分钟，在 15 分钟误差界限之内，但 IMCCE 时刻距午夜仅 3.3 分钟，故两者落在不同日期。,"Cột ngay_bat_dau ghi 1948-03-21, nguồn thiên văn cho 1948-03-20; ở lich-am-duong-1900-2100, cột tiet_khi_giao_trong_ngay và gio_giao_tiet nằm ở dòng 1948-03-21 thay vì 1948-03-20 (cột tiet_khi lấy lúc 12 giờ trưa nên không đổi).","ngay_bat_dau reads 1948-03-21, the astronomical source gives 1948-03-20; in lich-am-duong-1900-2100 the tiet_khi_giao_trong_ngay and gio_giao_tiet columns sit on row 1948-03-21 instead of 1948-03-20 (tiet_khi is taken at noon and does not change).",ngay_bat_dau 记为 1948-03-21，天文来源为 1948-03-20；lich-am-duong-1900-2100 的 tiet_khi_giao_trong_ngay 与 gio_giao_tiet 两列落在 1948-03-21 一行而非 1948-03-20（tiet_khi 取正午，不受影响）。,TestKiemCheoNgayTietKhiIMCCE
tiet-khi-imcce-1981-000,moc-tiet-khi-1900-2100,lich-am-duong-1900-2100;bien-cung-hoang-dao-1950-2050,tiet-khi-meeus-c25-bieu-kien-v2,ngay-giao-tiet-imcce,IMCCE,1981-03-20,ngay_bat_dau,1981-03-20 23:59,1981-03-21 00:02:51,-3.8,phut,1,"Lõi tính cho tiết Xuân Phân (0 độ) năm 1981 giao lúc 1981-03-20 23:59 giờ Việt Nam, IMCCE cho 1981-03-21 00:02:51: lõi tính sớm 3,8 phút, trong biên sai số 15 phút, nhưng mốc IMCCE cách nửa đêm 2,8 phút nên hai bên rơi vào hai ngày.","The engine puts Vernal Equinox (0 degrees) of 1981 at 1981-03-20 23:59 Vietnam time, IMCCE at 1981-03-21 00:02:51: the engine is 3.8 minutes early, within the 15-minute bound, but the IMCCE moment is 2.8 minutes from midnight so the two fall on different dates.",引擎推得 1981 年黄经 0 度之节气交节于越南时间 1981-03-20 23:59，IMCCE 为 1981-03-21 00:02:51：引擎偏早 3.8 分钟，在 15 分钟误差界限之内，但 IMCCE 时刻距午夜仅 2.8 分钟，故两者落在不同日期。,"Cột ngay_bat_dau ghi 1981-03-20, nguồn thiên văn cho 1981-03-21; ở lich-am-duong-1900-2100, cột tiet_khi_giao_trong_ngay và gio_giao_tiet nằm ở dòng 1981-03-20 thay vì 1981-03-21 (cột tiet_khi lấy lúc 12 giờ trưa nên không đổi); ở bien-cung-hoang-dao-1950-2050, ngay_vao_cung lệch cùng một ngày.","ngay_bat_dau reads 1981-03-20, the astronomical source gives 1981-03-21; in lich-am-duong-1900-2100 the tiet_khi_giao_trong_ngay and gio_giao_tiet columns sit on row 1981-03-20 instead of 1981-03-21 (tiet_khi is taken at noon and does not change); in bien-cung-hoang-dao-1950-2050 ngay_vao_cung is off by the same day.",ngay_bat_dau 记为 1981-03-20，天文来源为 1981-03-21；lich-am-duong-1900-2100 的 tiet_khi_giao_trong_ngay 与 gio_giao_tiet 两列落在 1981-03-20 一行而非 1981-03-21（tiet_khi 取正午，不受影响）；bien-cung-hoang-dao-1950-2050 的 ngay_vao_cung 同样差一天。,TestKiemCheoNgayTietKhiIMCCE
tiet-khi-imcce-1989-075,moc-tiet-khi-1900-2100,lich-am-duong-1900-2100,tiet-khi-meeus-c25-bieu-kien-v2,ngay-giao-tiet-imcce,IMCCE,1989-06-05,ngay_bat_dau,1989-06-05 23:59,1989-06-06 00:05:14,-6.2,phut,1,"Lõi tính cho tiết Mang Chủng (75 độ) năm 1989 giao lúc 1989-06-05 23:59 giờ Việt Nam, IMCCE cho 1989-06-06 00:05:14: lõi tính sớm 6,2 phút, trong biên sai số 15 phút, nhưng mốc IMCCE cách nửa đêm 5,2 phút nên hai bên rơi vào hai ngày.","The engine puts Grain in Ear (75 degrees) of 1989 at 1989-06-05 23:59 Vietnam time, IMCCE at 1989-06-06 00:05:14: the engine is 6.2 minutes early, within the 15-minute bound, but the IMCCE moment is 5.2 minutes from midnight so the two fall on different dates.",引擎推得 1989 年黄经 75 度之节气交节于越南时间 1989-06-05 23:59，IMCCE 为 1989-06-06 00:05:14：引擎偏早 6.2 分钟，在 15 分钟误差界限之内，但 IMCCE 时刻距午夜仅 5.2 分钟，故两者落在不同日期。,"Cột ngay_bat_dau ghi 1989-06-05, nguồn thiên văn cho 1989-06-06; ở lich-am-duong-1900-2100, cột tiet_khi_giao_trong_ngay và gio_giao_tiet nằm ở dòng 1989-06-05 thay vì 1989-06-06 (cột tiet_khi lấy lúc 12 giờ trưa nên không đổi).","ngay_bat_dau reads 1989-06-05, the astronomical source gives 1989-06-06; in lich-am-duong-1900-2100 the tiet_khi_giao_trong_ngay and gio_giao_tiet columns sit on row 1989-06-05 instead of 1989-06-06 (tiet_khi is taken at noon and does not change).",ngay_bat_dau 记为 1989-06-05，天文来源为 1989-06-06；lich-am-duong-1900-2100 的 tiet_khi_giao_trong_ngay 与 gio_giao_tiet 两列落在 1989-06-05 一行而非 1989-06-06（tiet_khi 取正午，不受影响）。,TestKiemCheoNgayTietKhiIMCCE
tiet-khi-imcce-2003-195,moc-tiet-khi-1900-2100,lich-am-duong-1900-2100,tiet-khi-meeus-c25-bieu-kien-v2,ngay-giao-tiet-imcce,IMCCE,2003-10-08,ngay_bat_dau,2003-10-08 23:58,2003-10-09 00:00:33,-2.6,phut,1,"Lõi tính cho tiết Hàn Lộ (195 độ) năm 2003 giao lúc 2003-10-08 23:58 giờ Việt Nam, IMCCE cho 2003-10-09 00:00:33: lõi tính sớm 2,6 phút, trong biên sai số 15 phút, nhưng mốc IMCCE cách nửa đêm 0,6 phút nên hai bên rơi vào hai ngày.","The engine puts Cold Dew (195 degrees) of 2003 at 2003-10-08 23:58 Vietnam time, IMCCE at 2003-10-09 00:00:33: the engine is 2.6 minutes early, within the 15-minute bound, but the IMCCE moment is 0.6 minutes from midnight so the two fall on different dates.",引擎推得 2003 年黄经 195 度之节气交节于越南时间 2003-10-08 23:58，IMCCE 为 2003-10-09 00:00:33：引擎偏早 2.6 分钟，在 15 分钟误差界限之内，但 IMCCE 时刻距午夜仅 0.6 分钟，故两者落在不同日期。,"Cột ngay_bat_dau ghi 2003-10-08, nguồn thiên văn cho 2003-10-09; ở lich-am-duong-1900-2100, cột tiet_khi_giao_trong_ngay và gio_giao_tiet nằm ở dòng 2003-10-08 thay vì 2003-10-09 (cột tiet_khi lấy lúc 12 giờ trưa nên không đổi).","ngay_bat_dau reads 2003-10-08, the astronomical source gives 2003-10-09; in lich-am-duong-1900-2100 the tiet_khi_giao_trong_ngay and gio_giao_tiet columns sit on row 2003-10-08 instead of 2003-10-09 (tiet_khi is taken at noon and does not change).",ngay_bat_dau 记为 2003-10-08，天文来源为 2003-10-09；lich-am-duong-1900-2100 的 tiet_khi_giao_trong_ngay 与 gio_giao_tiet 两列落在 2003-10-08 一行而非 2003-10-09（tiet_khi 取正午，不受影响）。,TestKiemCheoNgayTietKhiIMCCE
tiet-khi-imcce-2073-090,moc-tiet-khi-1900-2100,lich-am-duong-1900-2100,tiet-khi-meeus-c25-bieu-kien-v2,ngay-giao-tiet-imcce,IMCCE,2073-06-20,ngay_bat_dau,2073-06-20 23:59,2073-06-21 00:06:47,-7.8,phut,1,"Lõi tính cho tiết Hạ Chí (90 độ) năm 2073 giao lúc 2073-06-20 23:59 giờ Việt Nam, IMCCE cho 2073-06-21 00:06:47: lõi tính sớm 7,8 phút, trong biên sai số 15 phút, nhưng mốc IMCCE cách nửa đêm 6,8 phút nên hai bên rơi vào hai ngày.","The engine puts Summer Solstice (90 degrees) of 2073 at 2073-06-20 23:59 Vietnam time, IMCCE at 2073-06-21 00:06:47: the engine is 7.8 minutes early, within the 15-minute bound, but the IMCCE moment is 6.8 minutes from midnight so the two fall on different dates.",引擎推得 2073 年黄经 90 度之节气交节于越南时间 2073-06-20 23:59，IMCCE 为 2073-06-21 00:06:47：引擎偏早 7.8 分钟，在 15 分钟误差界限之内，但 IMCCE 时刻距午夜仅 6.8 分钟，故两者落在不同日期。,"Cột ngay_bat_dau ghi 2073-06-20, nguồn thiên văn cho 2073-06-21; ở lich-am-duong-1900-2100, cột tiet_khi_giao_trong_ngay và gio_giao_tiet nằm ở dòng 2073-06-20 thay vì 2073-06-21 (cột tiet_khi lấy lúc 12 giờ trưa nên không đổi).","ngay_bat_dau reads 2073-06-20, the astronomical source gives 2073-06-21; in lich-am-duong-1900-2100 the tiet_khi_giao_trong_ngay and gio_giao_tiet columns sit on row 2073-06-20 instead of 2073-06-21 (tiet_khi is taken at noon and does not change).",ngay_bat_dau 记为 2073-06-20，天文来源为 2073-06-21；lich-am-duong-1900-2100 的 tiet_khi_giao_trong_ngay 与 gio_giao_tiet 两列落在 2073-06-20 一行而非 2073-06-21（tiet_khi 取正午，不受影响）。,TestKiemCheoNgayTietKhiIMCCE
tiet-khi-imcce-2074-150,moc-tiet-khi-1900-2100,lich-am-duong-1900-2100,tiet-khi-meeus-c25-bieu-kien-v2,ngay-giao-tiet-imcce,IMCCE,2074-08-22,ngay_bat_dau,2074-08-22 23:59,2074-08-23 00:00:21,-1.3,phut,1,"Lõi tính cho tiết Xử Thử (150 độ) năm 2074 giao lúc 2074-08-22 23:59 giờ Việt Nam, IMCCE cho 2074-08-23 00:00:21: lõi tính sớm 1,3 phút, trong biên sai số 15 phút, nhưng mốc IMCCE cách nửa đêm 0,3 phút nên hai bên rơi vào hai ngày.","The engine puts End of Heat (150 degrees) of 2074 at 2074-08-22 23:59 Vietnam time, IMCCE at 2074-08-23 00:00:21: the engine is 1.3 minutes early, within the 15-minute bound, but the IMCCE moment is 0.3 minutes from midnight so the two fall on different dates.",引擎推得 2074 年黄经 150 度之节气交节于越南时间 2074-08-22 23:59，IMCCE 为 2074-08-23 00:00:21：引擎偏早 1.3 分钟，在 15 分钟误差界限之内，但 IMCCE 时刻距午夜仅 0.3 分钟，故两者落在不同日期。,"Cột ngay_bat_dau ghi 2074-08-22, nguồn thiên văn cho 2074-08-23; ở lich-am-duong-1900-2100, cột tiet_khi_giao_trong_ngay và gio_giao_tiet nằm ở dòng 2074-08-22 thay vì 2074-08-23 (cột tiet_khi lấy lúc 12 giờ trưa nên không đổi).","ngay_bat_dau reads 2074-08-22, the astronomical source gives 2074-08-23; in lich-am-duong-1900-2100 the tiet_khi_giao_trong_ngay and gio_giao_tiet columns sit on row 2074-08-22 instead of 2074-08-23 (tiet_khi is taken at noon and does not change).",ngay_bat_dau 记为 2074-08-22，天文来源为 2074-08-23；lich-am-duong-1900-2100 的 tiet_khi_giao_trong_ngay 与 gio_giao_tiet 两列落在 2074-08-22 一行而非 2074-08-23（tiet_khi 取正午，不受影响）。,TestKiemCheoNgayTietKhiIMCCE
tiet-khi-imcce-2076-345,moc-tiet-khi-1900-2100,lich-am-duong-1900-2100,tiet-khi-meeus-c25-bieu-kien-v2,ngay-giao-tiet-imcce,IMCCE,2076-03-04,ngay_bat_dau,2076-03-04 23:58,2076-03-05 00:00:42,-2.7,phut,1,"Lõi tính cho tiết Kinh Trập (345 độ) năm 2076 giao lúc 2076-03-04 23:58 giờ Việt Nam, IMCCE cho 2076-03-05 00:00:42: lõi tính sớm 2,7 phút, trong biên sai số 15 phút, nhưng mốc IMCCE cách nửa đêm 0,7 phút nên hai bên rơi vào hai ngày.","The engine puts Awakening of Insects (345 degrees) of 2076 at 2076-03-04 23:58 Vietnam time, IMCCE at 2076-03-05 00:00:42: the engine is 2.7 minutes early, within the 15-minute bound, but the IMCCE moment is 0.7 minutes from midnight so the two fall on different dates.",引擎推得 2076 年黄经 345 度之节气交节于越南时间 2076-03-04 23:58，IMCCE 为 2076-03-05 00:00:42：引擎偏早 2.7 分钟，在 15 分钟误差界限之内，但 IMCCE 时刻距午夜仅 0.7 分钟，故两者落在不同日期。,"Cột ngay_bat_dau ghi 2076-03-04, nguồn thiên văn cho 2076-03-05; ở lich-am-duong-1900-2100, cột tiet_khi_giao_trong_ngay và gio_giao_tiet nằm ở dòng 2076-03-04 thay vì 2076-03-05 (cột tiet_khi lấy lúc 12 giờ trưa nên không đổi).","ngay_bat_dau reads 2076-03-04, the astronomical source gives 2076-03-05; in lich-am-duong-1900-2100 the tiet_khi_giao_trong_ngay and gio_giao_tiet columns sit on row 2076-03-04 instead of 2076-03-05 (tiet_khi is taken at noon and does not change).",ngay_bat_dau 记为 2076-03-04，天文来源为 2076-03-05；lich-am-duong-1900-2100 的 tiet_khi_giao_trong_ngay 与 gio_giao_tiet 两列落在 2076-03-04 一行而非 2076-03-05（tiet_khi 取正午，不受影响）。,TestKiemCheoNgayTietKhiIMCCE
tiet-khi-imcce-2082-255,moc-tiet-khi-1900-2100,lich-am-duong-1900-2100,tiet-khi-meeus-c25-bieu-kien-v2,ngay-giao-tiet-imcce,IMCCE,2082-12-06,ngay_bat_dau,2082-12-06 23:55,2082-12-07 00:01:22,-6.4,phut,1,"Lõi tính cho tiết Đại Tuyết (255 độ) năm 2082 giao lúc 2082-12-06 23:55 giờ Việt Nam, IMCCE cho 2082-12-07 00:01:22: lõi tính sớm 6,4 phút, trong biên sai số 15 phút, nhưng mốc IMCCE cách nửa đêm 1,4 phút nên hai bên rơi vào hai ngày.","The engine puts Major Snow (255 degrees) of 2082 at 2082-12-06 23:55 Vietnam time, IMCCE at 2082-12-07 00:01:22: the engine is 6.4 minutes early, within the 15-minute bound, but the IMCCE moment is 1.4 minutes from midnight so the two fall on different dates.",引擎推得 2082 年黄经 255 度之节气交节于越南时间 2082-12-06 23:55，IMCCE 为 2082-12-07 00:01:22：引擎偏早 6.4 分钟，在 15 分钟误差界限之内，但 IMCCE 时刻距午夜仅 1.4 分钟，故两者落在不同日期。,"Cột ngay_bat_dau ghi 2082-12-06, nguồn thiên văn cho 2082-12-07; ở lich-am-duong-1900-2100, cột tiet_khi_giao_trong_ngay và gio_giao_tiet nằm ở dòng 2082-12-06 thay vì 2082-12-07 (cột tiet_khi lấy lúc 12 giờ trưa nên không đổi).","ngay_bat_dau reads 2082-12-06, the astronomical source gives 2082-12-07; in lich-am-duong-1900-2100 the tiet_khi_giao_trong_ngay and gio_giao_tiet columns sit on row 2082-12-06 instead of 2082-12-07 (tiet_khi is taken at noon and does not change).",ngay_bat_dau 记为 2082-12-06，天文来源为 2082-12-07；lich-am-duong-1900-2100 的 tiet_khi_giao_trong_ngay 与 gio_giao_tiet 两列落在 2082-12-06 一行而非 2082-12-07（tiet_khi 取正午，不受影响）。,TestKiemCheoNgayTietKhiIMCCE
tiet-khi-usno-1948-000,moc-tiet-khi-1900-2100,lich-am-duong-1900-2100,tiet-khi-meeus-c25-bieu-kien-v2,ngay-giao-tiet-usno,USNO,1948-03-20,ngay_bat_dau,1948-03-21 00:01,1948-03-20 23:57,4.0,phut,1,"Lõi tính cho tiết Xuân Phân (0 độ) năm 1948 giao lúc 1948-03-21 00:01 giờ Việt Nam, USNO cho 1948-03-20 23:57: lõi tính muộn 4,0 phút, trong biên sai số 15 phút, nhưng mốc USNO cách nửa đêm 3,0 phút nên hai bên rơi vào hai ngày.","The engine puts Vernal Equinox (0 degrees) of 1948 at 1948-03-21 00:01 Vietnam time, USNO at 1948-03-20 23:57: the engine is 4.0 minutes late, within the 15-minute bound, but the USNO moment is 3.0 minutes from midnight so the two fall on different dates.",引擎推得 1948 年黄经 0 度之节气交节于越南时间 1948-03-21 00:01，USNO 为 1948-03-20 23:57：引擎偏晚 4.0 分钟，在 15 分钟误差界限之内，但 USNO 时刻距午夜仅 3.0 分钟，故两者落在不同日期。,"Cột ngay_bat_dau ghi 1948-03-21, nguồn thiên văn cho 1948-03-20; ở lich-am-duong-1900-2100, cột tiet_khi_giao_trong_ngay và gio_giao_tiet nằm ở dòng 1948-03-21 thay vì 1948-03-20 (cột tiet_khi lấy lúc 12 giờ trưa nên không đổi).","ngay_bat_dau reads 1948-03-21, the astronomical source gives 1948-03-20; in lich-am-duong-1900-2100 the tiet_khi_giao_trong_ngay and gio_giao_tiet columns sit on row 1948-03-21 instead of 1948-03-20 (tiet_khi is taken at noon and does not change).",ngay_bat_dau 记为 1948-03-21，天文来源为 1948-03-20；lich-am-duong-1900-2100 的 tiet_khi_giao_trong_ngay 与 gio_giao_tiet 两列落在 1948-03-21 一行而非 1948-03-20（tiet_khi 取正午，不受影响）。,TestKiemDinhNgayGiaoTietUSNO
tiet-khi-usno-1953-090,moc-tiet-khi-1900-2100,lich-am-duong-1900-2100;bien-cung-hoang-dao-1950-2050,tiet-khi-meeus-c25-bieu-kien-v2,ngay-giao-tiet-usno,USNO,1953-06-21,ngay_bat_dau,1953-06-21 23:58,1953-06-22 00:00,-2.0,phut,1,"Lõi tính cho tiết Hạ Chí (90 độ) năm 1953 giao lúc 1953-06-21 23:58 giờ Việt Nam, USNO cho 1953-06-22 00:00: lõi tính sớm 2,0 phút, trong biên sai số 15 phút, nhưng mốc USNO cách nửa đêm 0,0 phút nên hai bên rơi vào hai ngày.","The engine puts Summer Solstice (90 degrees) of 1953 at 1953-06-21 23:58 Vietnam time, USNO at 1953-06-22 00:00: the engine is 2.0 minutes early, within the 15-minute bound, but the USNO moment is 0.0 minutes from midnight so the two fall on different dates.",引擎推得 1953 年黄经 90 度之节气交节于越南时间 1953-06-21 23:58，USNO 为 1953-06-22 00:00：引擎偏早 2.0 分钟，在 15 分钟误差界限之内，但 USNO 时刻距午夜仅 0.0 分钟，故两者落在不同日期。,"Cột ngay_bat_dau ghi 1953-06-21, nguồn thiên văn cho 1953-06-22; ở lich-am-duong-1900-2100, cột tiet_khi_giao_trong_ngay và gio_giao_tiet nằm ở dòng 1953-06-21 thay vì 1953-06-22 (cột tiet_khi lấy lúc 12 giờ trưa nên không đổi); ở bien-cung-hoang-dao-1950-2050, ngay_vao_cung lệch cùng một ngày.","ngay_bat_dau reads 1953-06-21, the astronomical source gives 1953-06-22; in lich-am-duong-1900-2100 the tiet_khi_giao_trong_ngay and gio_giao_tiet columns sit on row 1953-06-21 instead of 1953-06-22 (tiet_khi is taken at noon and does not change); in bien-cung-hoang-dao-1950-2050 ngay_vao_cung is off by the same day.",ngay_bat_dau 记为 1953-06-21，天文来源为 1953-06-22；lich-am-duong-1900-2100 的 tiet_khi_giao_trong_ngay 与 gio_giao_tiet 两列落在 1953-06-21 一行而非 1953-06-22（tiet_khi 取正午，不受影响）；bien-cung-hoang-dao-1950-2050 的 ngay_vao_cung 同样差一天。,TestKiemDinhNgayGiaoTietUSNO
tiet-khi-usno-1981-000,moc-tiet-khi-1900-2100,lich-am-duong-1900-2100;bien-cung-hoang-dao-1950-2050,tiet-khi-meeus-c25-bieu-kien-v2,ngay-giao-tiet-usno,USNO,1981-03-20,ngay_bat_dau,1981-03-20 23:59,1981-03-21 00:03,-4.0,phut,1,"Lõi tính cho tiết Xuân Phân (0 độ) năm 1981 giao lúc 1981-03-20 23:59 giờ Việt Nam, USNO cho 1981-03-21 00:03: lõi tính sớm 4,0 phút, trong biên sai số 15 phút, nhưng mốc USNO cách nửa đêm 3,0 phút nên hai bên rơi vào hai ngày.","The engine puts Vernal Equinox (0 degrees) of 1981 at 1981-03-20 23:59 Vietnam time, USNO at 1981-03-21 00:03: the engine is 4.0 minutes early, within the 15-minute bound, but the USNO moment is 3.0 minutes from midnight so the two fall on different dates.",引擎推得 1981 年黄经 0 度之节气交节于越南时间 1981-03-20 23:59，USNO 为 1981-03-21 00:03：引擎偏早 4.0 分钟，在 15 分钟误差界限之内，但 USNO 时刻距午夜仅 3.0 分钟，故两者落在不同日期。,"Cột ngay_bat_dau ghi 1981-03-20, nguồn thiên văn cho 1981-03-21; ở lich-am-duong-1900-2100, cột tiet_khi_giao_trong_ngay và gio_giao_tiet nằm ở dòng 1981-03-20 thay vì 1981-03-21 (cột tiet_khi lấy lúc 12 giờ trưa nên không đổi); ở bien-cung-hoang-dao-1950-2050, ngay_vao_cung lệch cùng một ngày.","ngay_bat_dau reads 1981-03-20, the astronomical source gives 1981-03-21; in lich-am-duong-1900-2100 the tiet_khi_giao_trong_ngay and gio_giao_tiet columns sit on row 1981-03-20 instead of 1981-03-21 (tiet_khi is taken at noon and does not change); in bien-cung-hoang-dao-1950-2050 ngay_vao_cung is off by the same day.",ngay_bat_dau 记为 1981-03-20，天文来源为 1981-03-21；lich-am-duong-1900-2100 的 tiet_khi_giao_trong_ngay 与 gio_giao_tiet 两列落在 1981-03-20 一行而非 1981-03-21（tiet_khi 取正午，不受影响）；bien-cung-hoang-dao-1950-2050 的 ngay_vao_cung 同样差一天。,TestKiemDinhNgayGiaoTietUSNO
tiet-khi-usno-2073-090,moc-tiet-khi-1900-2100,lich-am-duong-1900-2100,tiet-khi-meeus-c25-bieu-kien-v2,ngay-giao-tiet-usno,USNO,2073-06-20,ngay_bat_dau,2073-06-20 23:59,2073-06-21 00:07,-8.0,phut,1,"Lõi tính cho tiết Hạ Chí (90 độ) năm 2073 giao lúc 2073-06-20 23:59 giờ Việt Nam, USNO cho 2073-06-21 00:07: lõi tính sớm 8,0 phút, trong biên sai số 15 phút, nhưng mốc USNO cách nửa đêm 7,0 phút nên hai bên rơi vào hai ngày.","The engine puts Summer Solstice (90 degrees) of 2073 at 2073-06-20 23:59 Vietnam time, USNO at 2073-06-21 00:07: the engine is 8.0 minutes early, within the 15-minute bound, but the USNO moment is 7.0 minutes from midnight so the two fall on different dates.",引擎推得 2073 年黄经 90 度之节气交节于越南时间 2073-06-20 23:59，USNO 为 2073-06-21 00:07：引擎偏早 8.0 分钟，在 15 分钟误差界限之内，但 USNO 时刻距午夜仅 7.0 分钟，故两者落在不同日期。,"Cột ngay_bat_dau ghi 2073-06-20, nguồn thiên văn cho 2073-06-21; ở lich-am-duong-1900-2100, cột tiet_khi_giao_trong_ngay và gio_giao_tiet nằm ở dòng 2073-06-20 thay vì 2073-06-21 (cột tiet_khi lấy lúc 12 giờ trưa nên không đổi).","ngay_bat_dau reads 2073-06-20, the astronomical source gives 2073-06-21; in lich-am-duong-1900-2100 the tiet_khi_giao_trong_ngay and gio_giao_tiet columns sit on row 2073-06-20 instead of 2073-06-21 (tiet_khi is taken at noon and does not change).",ngay_bat_dau 记为 2073-06-20，天文来源为 2073-06-21；lich-am-duong-1900-2100 的 tiet_khi_giao_trong_ngay 与 gio_giao_tiet 两列落在 2073-06-20 一行而非 2073-06-21（tiet_khi 取正午，不受影响）。,TestKiemDinhNgayGiaoTietUSNO
que-ngay-1903-01-22,que-ngay-quai-khi-1900-2100,,quai-khi-manh-hy-6-ngay-7-phan-v1,que-ngay-dung-lai-imcce,IMCCE,1903-01-22,thu_tu_quai_khi,6,5,-9.5,phut,7,"Chỗ giao sang quẻ thứ 6 rơi vào 1903-01-22 11:56 theo lõi tính và 1903-01-22 12:05:31 theo Đông chí IMCCE (lõi tính sớm 9,5 phút, vì Đông chí của lõi tính sớm chừng ấy, trong biên sai số 15 phút); 12 giờ trưa, giờ xét quẻ của ngày, nằm giữa hai mốc.","The change to hexagram position 6 falls at 1903-01-22 11:56 by the engine and at 1903-01-22 12:05:31 by the IMCCE winter solstice (the engine is 9.5 minutes early, because its solstice is that much early, within the 15-minute bound); 12:00 noon, the moment that decides the day's hexagram, lies between the two.",换入第 6 卦之时刻，引擎为 1903-01-22 11:56，依 IMCCE 冬至为 1903-01-22 12:05:31（引擎偏早 9.5 分钟，因其冬至亦偏早相同分钟，在 15 分钟误差界限之内）；决定当日之卦的正午 12 时恰在两者之间。,"Ngày 1903-01-22 bộ ghi quẻ thứ 6, dựng lại từ IMCCE là thứ 5 (so_van_vuong, ten_que, ten_han, hao, hao_chu_ngay đổi theo); 6 ngày sau, tới 1903-01-28, ngay_trong_que ghi hơn một, trong đó 5 ngày hao_chu_ngay lệch. Cột sat_giao_que của ngày 1903-01-22 là co.","On 1903-01-22 the dataset gives hexagram position 6, the IMCCE rebuild gives 5 (so_van_vuong, ten_que, ten_han, hao, hao_chu_ngay follow); for the next 6 days, to 1903-01-28, ngay_trong_que reads one more, and hao_chu_ngay differs on 5 of them. sat_giao_que on 1903-01-22 is co.",1903-01-22 本数据集记为第 6 卦，依 IMCCE 重建为第 5 卦（so_van_vuong、ten_que、ten_han、hao、hao_chu_ngay 随之不同）；其后 6 日至 1903-01-28，ngay_trong_que 多一，其中 5 日 hao_chu_ngay 亦不同。1903-01-22 的 sat_giao_que 为 co。,TestKiemDinhQuaiKhiIMCCE
que-ngay-1926-09-16,que-ngay-quai-khi-1900-2100,,quai-khi-manh-hy-6-ngay-7-phan-v1,que-ngay-dung-lai-imcce,IMCCE,1926-09-16,thu_tu_quai_khi,45,44,-2.6,phut,7,"Chỗ giao sang quẻ thứ 45 rơi vào 1926-09-16 11:58 theo lõi tính và 1926-09-16 12:00:35 theo Đông chí IMCCE (lõi tính sớm 2,6 phút, vì Đông chí của lõi tính sớm chừng ấy, trong biên sai số 15 phút); 12 giờ trưa, giờ xét quẻ của ngày, nằm giữa hai mốc.","The change to hexagram position 45 falls at 1926-09-16 11:58 by the engine and at 1926-09-16 12:00:35 by the IMCCE winter solstice (the engine is 2.6 minutes early, because its solstice is that much early, within the 15-minute bound); 12:00 noon, the moment that decides the day's hexagram, lies between the two.",换入第 45 卦之时刻，引擎为 1926-09-16 11:58，依 IMCCE 冬至为 1926-09-16 12:00:35（引擎偏早 2.6 分钟，因其冬至亦偏早相同分钟，在 15 分钟误差界限之内）；决定当日之卦的正午 12 时恰在两者之间。,"Ngày 1926-09-16 bộ ghi quẻ thứ 45, dựng lại từ IMCCE là thứ 44 (so_van_vuong, ten_que, ten_han, hao, hao_chu_ngay đổi theo); 6 ngày sau, tới 1926-09-22, ngay_trong_que ghi hơn một, trong đó 5 ngày hao_chu_ngay lệch. Cột sat_giao_que của ngày 1926-09-16 là co.","On 1926-09-16 the dataset gives hexagram position 45, the IMCCE rebuild gives 44 (so_van_vuong, ten_que, ten_han, hao, hao_chu_ngay follow); for the next 6 days, to 1926-09-22, ngay_trong_que reads one more, and hao_chu_ngay differs on 5 of them. sat_giao_que on 1926-09-16 is co.",1926-09-16 本数据集记为第 45 卦，依 IMCCE 重建为第 44 卦（so_van_vuong、ten_que、ten_han、hao、hao_chu_ngay 随之不同）；其后 6 日至 1926-09-22，ngay_trong_que 多一，其中 5 日 hao_chu_ngay 亦不同。1926-09-16 的 sat_giao_que 为 co。,TestKiemDinhQuaiKhiIMCCE
que-ngay-1928-06-04,que-ngay-quai-khi-1900-2100,,quai-khi-manh-hy-6-ngay-7-phan-v1,que-ngay-dung-lai-imcce,IMCCE,1928-06-04,thu_tu_quai_khi,28,27,-4.4,phut,7,"Chỗ giao sang quẻ thứ 28 rơi vào 1928-06-04 11:56 theo lõi tính và 1928-06-04 12:00:26 theo Đông chí IMCCE (lõi tính sớm 4,4 phút, vì Đông chí của lõi tính sớm chừng ấy, trong biên sai số 15 phút); 12 giờ trưa, giờ xét quẻ của ngày, nằm giữa hai mốc.","The change to hexagram position 28 falls at 1928-06-04 11:56 by the engine and at 1928-06-04 12:00:26 by the IMCCE winter solstice (the engine is 4.4 minutes early, because its solstice is that much early, within the 15-minute bound); 12:00 noon, the moment that decides the day's hexagram, lies between the two.",换入第 28 卦之时刻，引擎为 1928-06-04 11:56，依 IMCCE 冬至为 1928-06-04 12:00:26（引擎偏早 4.4 分钟，因其冬至亦偏早相同分钟，在 15 分钟误差界限之内）；决定当日之卦的正午 12 时恰在两者之间。,"Ngày 1928-06-04 bộ ghi quẻ thứ 28, dựng lại từ IMCCE là thứ 27 (so_van_vuong, ten_que, ten_han, hao, hao_chu_ngay đổi theo); 6 ngày sau, tới 1928-06-10, ngay_trong_que ghi hơn một, trong đó 5 ngày hao_chu_ngay lệch. Cột sat_giao_que của ngày 1928-06-04 là co.","On 1928-06-04 the dataset gives hexagram position 28, the IMCCE rebuild gives 27 (so_van_vuong, ten_que, ten_han, hao, hao_chu_ngay follow); for the next 6 days, to 1928-06-10, ngay_trong_que reads one more, and hao_chu_ngay differs on 5 of them. sat_giao_que on 1928-06-04 is co.",1928-06-04 本数据集记为第 28 卦，依 IMCCE 重建为第 27 卦（so_van_vuong、ten_que、ten_han、hao、hao_chu_ngay 随之不同）；其后 6 日至 1928-06-10，ngay_trong_que 多一，其中 5 日 hao_chu_ngay 亦不同。1928-06-04 的 sat_giao_que 为 co。,TestKiemDinhQuaiKhiIMCCE
que-ngay-1939-02-09,que-ngay-quai-khi-1900-2100,,quai-khi-manh-hy-6-ngay-7-phan-v1,que-ngay-dung-lai-imcce,IMCCE,1939-02-09,thu_tu_quai_khi,9,8,-5.3,phut,7,"Chỗ giao sang quẻ thứ 9 rơi vào 1939-02-09 11:56 theo lõi tính và 1939-02-09 12:01:21 theo Đông chí IMCCE (lõi tính sớm 5,3 phút, vì Đông chí của lõi tính sớm chừng ấy, trong biên sai số 15 phút); 12 giờ trưa, giờ xét quẻ của ngày, nằm giữa hai mốc.","The change to hexagram position 9 falls at 1939-02-09 11:56 by the engine and at 1939-02-09 12:01:21 by the IMCCE winter solstice (the engine is 5.3 minutes early, because its solstice is that much early, within the 15-minute bound); 12:00 noon, the moment that decides the day's hexagram, lies between the two.",换入第 9 卦之时刻，引擎为 1939-02-09 11:56，依 IMCCE 冬至为 1939-02-09 12:01:21（引擎偏早 5.3 分钟，因其冬至亦偏早相同分钟，在 15 分钟误差界限之内）；决定当日之卦的正午 12 时恰在两者之间。,"Ngày 1939-02-09 bộ ghi quẻ thứ 9, dựng lại từ IMCCE là thứ 8 (so_van_vuong, ten_que, ten_han, hao, hao_chu_ngay đổi theo); 6 ngày sau, tới 1939-02-15, ngay_trong_que ghi hơn một, trong đó 5 ngày hao_chu_ngay lệch. Cột sat_giao_que của ngày 1939-02-09 là co.","On 1939-02-09 the dataset gives hexagram position 9, the IMCCE rebuild gives 8 (so_van_vuong, ten_que, ten_han, hao, hao_chu_ngay follow); for the next 6 days, to 1939-02-15, ngay_trong_que reads one more, and hao_chu_ngay differs on 5 of them. sat_giao_que on 1939-02-09 is co.",1939-02-09 本数据集记为第 9 卦，依 IMCCE 重建为第 8 卦（so_van_vuong、ten_que、ten_han、hao、hao_chu_ngay 随之不同）；其后 6 日至 1939-02-15，ngay_trong_que 多一，其中 5 日 hao_chu_ngay 亦不同。1939-02-09 的 sat_giao_que 为 co。,TestKiemDinhQuaiKhiIMCCE
que-ngay-1943-11-16,que-ngay-quai-khi-1900-2100,,quai-khi-manh-hy-6-ngay-7-phan-v1,que-ngay-dung-lai-imcce,IMCCE,1943-11-16,thu_tu_quai_khi,55,54,-5.5,phut,7,"Chỗ giao sang quẻ thứ 55 rơi vào 1943-11-16 11:58 theo lõi tính và 1943-11-16 12:03:30 theo Đông chí IMCCE (lõi tính sớm 5,5 phút, vì Đông chí của lõi tính sớm chừng ấy, trong biên sai số 15 phút); 12 giờ trưa, giờ xét quẻ của ngày, nằm giữa hai mốc.","The change to hexagram position 55 falls at 1943-11-16 11:58 by the engine and at 1943-11-16 12:03:30 by the IMCCE winter solstice (the engine is 5.5 minutes early, because its solstice is that much early, within the 15-minute bound); 12:00 noon, the moment that decides the day's hexagram, lies between the two.",换入第 55 卦之时刻，引擎为 1943-11-16 11:58，依 IMCCE 冬至为 1943-11-16 12:03:30（引擎偏早 5.5 分钟，因其冬至亦偏早相同分钟，在 15 分钟误差界限之内）；决定当日之卦的正午 12 时恰在两者之间。,"Ngày 1943-11-16 bộ ghi quẻ thứ 55, dựng lại từ IMCCE là thứ 54 (so_van_vuong, ten_que, ten_han, hao, hao_chu_ngay đổi theo); 6 ngày sau, tới 1943-11-22, ngay_trong_que ghi hơn một, trong đó 5 ngày hao_chu_ngay lệch. Cột sat_giao_que của ngày 1943-11-16 là co.","On 1943-11-16 the dataset gives hexagram position 55, the IMCCE rebuild gives 54 (so_van_vuong, ten_que, ten_han, hao, hao_chu_ngay follow); for the next 6 days, to 1943-11-22, ngay_trong_que reads one more, and hao_chu_ngay differs on 5 of them. sat_giao_que on 1943-11-16 is co.",1943-11-16 本数据集记为第 55 卦，依 IMCCE 重建为第 54 卦（so_van_vuong、ten_que、ten_han、hao、hao_chu_ngay 随之不同）；其后 6 日至 1943-11-22，ngay_trong_que 多一，其中 5 日 hao_chu_ngay 亦不同。1943-11-16 的 sat_giao_que 为 co。,TestKiemDinhQuaiKhiIMCCE
que-ngay-1951-02-15,que-ngay-quai-khi-1900-2100,,quai-khi-manh-hy-6-ngay-7-phan-v1,que-ngay-dung-lai-imcce,IMCCE,1951-02-15,thu_tu_quai_khi,10,9,-7.3,phut,7,"Chỗ giao sang quẻ thứ 10 rơi vào 1951-02-15 12:00 theo lõi tính và 1951-02-15 12:07:18 theo Đông chí IMCCE (lõi tính sớm 7,3 phút, vì Đông chí của lõi tính sớm chừng ấy, trong biên sai số 15 phút); 12 giờ trưa, giờ xét quẻ của ngày, nằm giữa hai mốc.","The change to hexagram position 10 falls at 1951-02-15 12:00 by the engine and at 1951-02-15 12:07:18 by the IMCCE winter solstice (the engine is 7.3 minutes early, because its solstice is that much early, within the 15-minute bound); 12:00 noon, the moment that decides the day's hexagram, lies between the two.",换入第 10 卦之时刻，引擎为 1951-02-15 12:00，依 IMCCE 冬至为 1951-02-15 12:07:18（引擎偏早 7.3 分钟，因其冬至亦偏早相同分钟，在 15 分钟误差界限之内）；决定当日之卦的正午 12 时恰在两者之间。,"Ngày 1951-02-15 bộ ghi quẻ thứ 10, dựng lại từ IMCCE là thứ 9 (so_van_vuong, ten_que, ten_han, hao, hao_chu_ngay đổi theo); 6 ngày sau, tới 1951-02-21, ngay_trong_que ghi hơn một, trong đó 5 ngày hao_chu_ngay lệch. Cột sat_giao_que của ngày 1951-02-15 là co.","On 1951-02-15 the dataset gives hexagram position 10, the IMCCE rebuild gives 9 (so_van_vuong, ten_que, ten_han, hao, hao_chu_ngay follow); for the next 6 days, to 1951-02-21, ngay_trong_que reads one more, and hao_chu_ngay differs on 5 of them. sat_giao_que on 1951-02-15 is co.",1951-02-15 本数据集记为第 10 卦，依 IMCCE 重建为第 9 卦（so_van_vuong、ten_que、ten_han、hao、hao_chu_ngay 随之不同）；其后 6 日至 1951-02-21，ngay_trong_que 多一，其中 5 日 hao_chu_ngay 亦不同。1951-02-15 的 sat_giao_que 为 co。,TestKiemDinhQuaiKhiIMCCE
que-ngay-1954-07-23,que-ngay-quai-khi-1900-2100,,quai-khi-manh-hy-6-ngay-7-phan-v1,que-ngay-dung-lai-imcce,IMCCE,1954-07-23,thu_tu_quai_khi,36,35,-1.4,phut,7,"Chỗ giao sang quẻ thứ 36 rơi vào 1954-07-23 12:00 theo lõi tính và 1954-07-23 12:01:25 theo Đông chí IMCCE (lõi tính sớm 1,4 phút, vì Đông chí của lõi tính sớm chừng ấy, trong biên sai số 15 phút); 12 giờ trưa, giờ xét quẻ của ngày, nằm giữa hai mốc.","The change to hexagram position 36 falls at 1954-07-23 12:00 by the engine and at 1954-07-23 12:01:25 by the IMCCE winter solstice (the engine is 1.4 minutes early, because its solstice is that much early, within the 15-minute bound); 12:00 noon, the moment that decides the day's hexagram, lies between the two.",换入第 36 卦之时刻，引擎为 1954-07-23 12:00，依 IMCCE 冬至为 1954-07-23 12:01:25（引擎偏早 1.4 分钟，因其冬至亦偏早相同分钟，在 15 分钟误差界限之内）；决定当日之卦的正午 12 时恰在两者之间。,"Ngày 1954-07-23 bộ ghi quẻ thứ 36, dựng lại từ IMCCE là thứ 35 (so_van_vuong, ten_que, ten_han, hao, hao_chu_ngay đổi theo); 6 ngày sau, tới 1954-07-29, ngay_trong_que ghi hơn một, trong đó 5 ngày hao_chu_ngay lệch. Cột sat_giao_que của ngày 1954-07-23 là co.","On 1954-07-23 the dataset gives hexagram position 36, the IMCCE rebuild gives 35 (so_van_vuong, ten_que, ten_han, hao, hao_chu_ngay follow); for the next 6 days, to 1954-07-29, ngay_trong_que reads one more, and hao_chu_ngay differs on 5 of them. sat_giao_que on 1954-07-23 is co.",1954-07-23 本数据集记为第 36 卦，依 IMCCE 重建为第 35 卦（so_van_vuong、ten_que、ten_han、hao、hao_chu_ngay 随之不同）；其后 6 日至 1954-07-29，ngay_trong_que 多一，其中 5 日 hao_chu_ngay 亦不同。1954-07-23 的 sat_giao_que 为 co。,TestKiemDinhQuaiKhiIMCCE
que-ngay-1962-10-04,que-ngay-quai-khi-1900-2100,,quai-khi-manh-hy-6-ngay-7-phan-v1,que-ngay-dung-lai-imcce,IMCCE,1962-10-04,thu_tu_quai_khi,48,47,-3.4,phut,7,"Chỗ giao sang quẻ thứ 48 rơi vào 1962-10-04 11:58 theo lõi tính và 1962-10-04 12:01:26 theo Đông chí IMCCE (lõi tính sớm 3,4 phút, vì Đông chí của lõi tính sớm chừng ấy, trong biên sai số 15 phút); 12 giờ trưa, giờ xét quẻ của ngày, nằm giữa hai mốc.","The change to hexagram position 48 falls at 1962-10-04 11:58 by the engine and at 1962-10-04 12:01:26 by the IMCCE winter solstice (the engine is 3.4 minutes early, because its solstice is that much early, within the 15-minute bound); 12:00 noon, the moment that decides the day's hexagram, lies between the two.",换入第 48 卦之时刻，引擎为 1962-10-04 11:58，依 IMCCE 冬至为 1962-10-04 12:01:26（引擎偏早 3.4 分钟，因其冬至亦偏早相同分钟，在 15 分钟误差界限之内）；决定当日之卦的正午 12 时恰在两者之间。,"Ngày 1962-10-04 bộ ghi quẻ thứ 48, dựng lại từ IMCCE là thứ 47 (so_van_vuong, ten_que, ten_han, hao, hao_chu_ngay đổi theo); 6 ngày sau, tới 1962-10-10, ngay_trong_que ghi hơn một, trong đó 5 ngày hao_chu_ngay lệch. Cột sat_giao_que của ngày 1962-10-04 là co.","On 1962-10-04 the dataset gives hexagram position 48, the IMCCE rebuild gives 47 (so_van_vuong, ten_que, ten_han, hao, hao_chu_ngay follow); for the next 6 days, to 1962-10-10, ngay_trong_que reads one more, and hao_chu_ngay differs on 5 of them. sat_giao_que on 1962-10-04 is co.",1962-10-04 本数据集记为第 48 卦，依 IMCCE 重建为第 47 卦（so_van_vuong、ten_que、ten_han、hao、hao_chu_ngay 随之不同）；其后 6 日至 1962-10-10，ngay_trong_que 多一，其中 5 日 hao_chu_ngay 亦不同。1962-10-04 的 sat_giao_que 为 co。,TestKiemDinhQuaiKhiIMCCE
que-ngay-1964-06-22,que-ngay-quai-khi-1900-2100,,quai-khi-manh-hy-6-ngay-7-phan-v1,que-ngay-dung-lai-imcce,IMCCE,1964-06-22,thu_tu_quai_khi,31,30,-4.9,phut,7,"Chỗ giao sang quẻ thứ 31 rơi vào 1964-06-22 11:57 theo lõi tính và 1964-06-22 12:01:52 theo Đông chí IMCCE (lõi tính sớm 4,9 phút, vì Đông chí của lõi tính sớm chừng ấy, trong biên sai số 15 phút); 12 giờ trưa, giờ xét quẻ của ngày, nằm giữa hai mốc.","The change to hexagram position 31 falls at 1964-06-22 11:57 by the engine and at 1964-06-22 12:01:52 by the IMCCE winter solstice (the engine is 4.9 minutes early, because its solstice is that much early, within the 15-minute bound); 12:00 noon, the moment that decides the day's hexagram, lies between the two.",换入第 31 卦之时刻，引擎为 1964-06-22 11:57，依 IMCCE 冬至为 1964-06-22 12:01:52（引擎偏早 4.9 分钟，因其冬至亦偏早相同分钟，在 15 分钟误差界限之内）；决定当日之卦的正午 12 时恰在两者之间。,"Ngày 1964-06-22 bộ ghi quẻ thứ 31, dựng lại từ IMCCE là thứ 30 (so_van_vuong, ten_que, ten_han, hao, hao_chu_ngay đổi theo); 6 ngày sau, tới 1964-06-28, ngay_trong_que ghi hơn một, trong đó 5 ngày hao_chu_ngay lệch. Cột sat_giao_que của ngày 1964-06-22 là co.","On 1964-06-22 the dataset gives hexagram position 31, the IMCCE rebuild gives 30 (so_van_vuong, ten_que, ten_han, hao, hao_chu_ngay follow); for the next 6 days, to 1964-06-28, ngay_trong_que reads one more, and hao_chu_ngay differs on 5 of them. sat_giao_que on 1964-06-22 is co.",1964-06-22 本数据集记为第 31 卦，依 IMCCE 重建为第 30 卦（so_van_vuong、ten_que、ten_han、hao、hao_chu_ngay 随之不同）；其后 6 日至 1964-06-28，ngay_trong_que 多一，其中 5 日 hao_chu_ngay 亦不同。1964-06-22 的 sat_giao_que 为 co。,TestKiemDinhQuaiKhiIMCCE
que-ngay-1973-06-10,que-ngay-quai-khi-1900-2100,,quai-khi-manh-hy-6-ngay-7-phan-v1,que-ngay-dung-lai-imcce,IMCCE,1973-06-10,thu_tu_quai_khi,29,28,-1.9,phut,7,"Chỗ giao sang quẻ thứ 29 rơi vào 1973-06-10 11:59 theo lõi tính và 1973-06-10 12:00:53 theo Đông chí IMCCE (lõi tính sớm 1,9 phút, vì Đông chí của lõi tính sớm chừng ấy, trong biên sai số 15 phút); 12 giờ trưa, giờ xét quẻ của ngày, nằm giữa hai mốc.","The change to hexagram position 29 falls at 1973-06-10 11:59 by the engine and at 1973-06-10 12:00:53 by the IMCCE winter solstice (the engine is 1.9 minutes early, because its solstice is that much early, within the 15-minute bound); 12:00 noon, the moment that decides the day's hexagram, lies between the two.",换入第 29 卦之时刻，引擎为 1973-06-10 11:59，依 IMCCE 冬至为 1973-06-10 12:00:53（引擎偏早 1.9 分钟，因其冬至亦偏早相同分钟，在 15 分钟误差界限之内）；决定当日之卦的正午 12 时恰在两者之间。,"Ngày 1973-06-10 bộ ghi quẻ thứ 29, dựng lại từ IMCCE là thứ 28 (so_van_vuong, ten_que, ten_han, hao, hao_chu_ngay đổi theo); 6 ngày sau, tới 1973-06-16, ngay_trong_que ghi hơn một, trong đó 5 ngày hao_chu_ngay lệch. Cột sat_giao_que của ngày 1973-06-10 là co.","On 1973-06-10 the dataset gives hexagram position 29, the IMCCE rebuild gives 28 (so_van_vuong, ten_que, ten_han, hao, hao_chu_ngay follow); for the next 6 days, to 1973-06-16, ngay_trong_que reads one more, and hao_chu_ngay differs on 5 of them. sat_giao_que on 1973-06-10 is co.",1973-06-10 本数据集记为第 29 卦，依 IMCCE 重建为第 28 卦（so_van_vuong、ten_que、ten_han、hao、hao_chu_ngay 随之不同）；其后 6 日至 1973-06-16，ngay_trong_que 多一，其中 5 日 hao_chu_ngay 亦不同。1973-06-10 的 sat_giao_que 为 co。,TestKiemDinhQuaiKhiIMCCE
que-ngay-1975-02-27,que-ngay-quai-khi-1900-2100,,quai-khi-manh-hy-6-ngay-7-phan-v1,que-ngay-dung-lai-imcce,IMCCE,1975-02-27,thu_tu_quai_khi,12,11,-5.9,phut,7,"Chỗ giao sang quẻ thứ 12 rơi vào 1975-02-27 11:56 theo lõi tính và 1975-02-27 12:01:56 theo Đông chí IMCCE (lõi tính sớm 5,9 phút, vì Đông chí của lõi tính sớm chừng ấy, trong biên sai số 15 phút); 12 giờ trưa, giờ xét quẻ của ngày, nằm giữa hai mốc.","The change to hexagram position 12 falls at 1975-02-27 11:56 by the engine and at 1975-02-27 12:01:56 by the IMCCE winter solstice (the engine is 5.9 minutes early, because its solstice is that much early, within the 15-minute bound); 12:00 noon, the moment that decides the day's hexagram, lies between the two.",换入第 12 卦之时刻，引擎为 1975-02-27 11:56，依 IMCCE 冬至为 1975-02-27 12:01:56（引擎偏早 5.9 分钟，因其冬至亦偏早相同分钟，在 15 分钟误差界限之内）；决定当日之卦的正午 12 时恰在两者之间。,"Ngày 1975-02-27 bộ ghi quẻ thứ 12, dựng lại từ IMCCE là thứ 11 (so_van_vuong, ten_que, ten_han, hao, hao_chu_ngay đổi theo); 6 ngày sau, tới 1975-03-05, ngay_trong_que ghi hơn một, trong đó 5 ngày hao_chu_ngay lệch. Cột sat_giao_que của ngày 1975-02-27 là co.","On 1975-02-27 the dataset gives hexagram position 12, the IMCCE rebuild gives 11 (so_van_vuong, ten_que, ten_han, hao, hao_chu_ngay follow); for the next 6 days, to 1975-03-05, ngay_trong_que reads one more, and hao_chu_ngay differs on 5 of them. sat_giao_que on 1975-02-27 is co.",1975-02-27 本数据集记为第 12 卦，依 IMCCE 重建为第 11 卦（so_van_vuong、ten_que、ten_han、hao、hao_chu_ngay 随之不同）；其后 6 日至 1975-03-05，ngay_trong_que 多一，其中 5 日 hao_chu_ngay 亦不同。1975-02-27 的 sat_giao_que 为 co。,TestKiemDinhQuaiKhiIMCCE
que-ngay-1979-12-04,que-ngay-quai-khi-1900-2100,,quai-khi-manh-hy-6-ngay-7-phan-v1,que-ngay-dung-lai-imcce,IMCCE,1979-12-04,thu_tu_quai_khi,58,57,-5.9,phut,7,"Chỗ giao sang quẻ thứ 58 rơi vào 1979-12-04 11:57 theo lõi tính và 1979-12-04 12:02:57 theo Đông chí IMCCE (lõi tính sớm 5,9 phút, vì Đông chí của lõi tính sớm chừng ấy, trong biên sai số 15 phút); 12 giờ trưa, giờ xét quẻ của ngày, nằm giữa hai mốc.","The change to hexagram position 58 falls at 1979-12-04 11:57 by the engine and at 1979-12-04 12:02:57 by the IMCCE winter solstice (the engine is 5.9 minutes early, because its solstice is that much early, within the 15-minute bound); 12:00 noon, the moment that decides the day's hexagram, lies between the two.",换入第 58 卦之时刻，引擎为 1979-12-04 11:57，依 IMCCE 冬至为 1979-12-04 12:02:57（引擎偏早 5.9 分钟，因其冬至亦偏早相同分钟，在 15 分钟误差界限之内）；决定当日之卦的正午 12 时恰在两者之间。,"Ngày 1979-12-04 bộ ghi quẻ thứ 58, dựng lại từ IMCCE là thứ 57 (so_van_vuong, ten_que, ten_han, hao, hao_chu_ngay đổi theo); 6 ngày sau, tới 1979-12-10, ngay_trong_que ghi hơn một, trong đó 5 ngày hao_chu_ngay lệch. Cột sat_giao_que của ngày 1979-12-04 là co.","On 1979-12-04 the dataset gives hexagram position 58, the IMCCE rebuild gives 57 (so_van_vuong, ten_que, ten_han, hao, hao_chu_ngay follow); for the next 6 days, to 1979-12-10, ngay_trong_que reads one more, and hao_chu_ngay differs on 5 of them. sat_giao_que on 1979-12-04 is co.",1979-12-04 本数据集记为第 58 卦，依 IMCCE 重建为第 57 卦（so_van_vuong、ten_que、ten_han、hao、hao_chu_ngay 随之不同）；其后 6 日至 1979-12-10，ngay_trong_que 多一，其中 5 日 hao_chu_ngay 亦不同。1979-12-04 的 sat_giao_que 为 co。,TestKiemDinhQuaiKhiIMCCE
que-ngay-1986-10-16,que-ngay-quai-khi-1900-2100,,quai-khi-manh-hy-6-ngay-7-phan-v1,que-ngay-dung-lai-imcce,IMCCE,1986-10-16,thu_tu_quai_khi,50,49,-2.7,phut,7,"Chỗ giao sang quẻ thứ 50 rơi vào 1986-10-16 11:59 theo lõi tính và 1986-10-16 12:01:39 theo Đông chí IMCCE (lõi tính sớm 2,7 phút, vì Đông chí của lõi tính sớm chừng ấy, trong biên sai số 15 phút); 12 giờ trưa, giờ xét quẻ của ngày, nằm giữa hai mốc.","The change to hexagram position 50 falls at 1986-10-16 11:59 by the engine and at 1986-10-16 12:01:39 by the IMCCE winter solstice (the engine is 2.7 minutes early, because its solstice is that much early, within the 15-minute bound); 12:00 noon, the moment that decides the day's hexagram, lies between the two.",换入第 50 卦之时刻，引擎为 1986-10-16 11:59，依 IMCCE 冬至为 1986-10-16 12:01:39（引擎偏早 2.7 分钟，因其冬至亦偏早相同分钟，在 15 分钟误差界限之内）；决定当日之卦的正午 12 时恰在两者之间。,"Ngày 1986-10-16 bộ ghi quẻ thứ 50, dựng lại từ IMCCE là thứ 49 (so_van_vuong, ten_que, ten_han, hao, hao_chu_ngay đổi theo); 6 ngày sau, tới 1986-10-22, ngay_trong_que ghi hơn một, trong đó 5 ngày hao_chu_ngay lệch. Cột sat_giao_que của ngày 1986-10-16 là co.","On 1986-10-16 the dataset gives hexagram position 50, the IMCCE rebuild gives 49 (so_van_vuong, ten_que, ten_han, hao, hao_chu_ngay follow); for the next 6 days, to 1986-10-22, ngay_trong_que reads one more, and hao_chu_ngay differs on 5 of them. sat_giao_que on 1986-10-16 is co.",1986-10-16 本数据集记为第 50 卦，依 IMCCE 重建为第 49 卦（so_van_vuong、ten_que、ten_han、hao、hao_chu_ngay 随之不同）；其后 6 日至 1986-10-22，ngay_trong_que 多一，其中 5 日 hao_chu_ngay 亦不同。1986-10-16 的 sat_giao_que 为 co。,TestKiemDinhQuaiKhiIMCCE
que-ngay-1998-10-22,que-ngay-quai-khi-1900-2100,,quai-khi-manh-hy-6-ngay-7-phan-v1,que-ngay-dung-lai-imcce,IMCCE,1998-10-22,thu_tu_quai_khi,51,50,-10.0,phut,7,"Chỗ giao sang quẻ thứ 51 rơi vào 1998-10-22 11:57 theo lõi tính và 1998-10-22 12:07:02 theo Đông chí IMCCE (lõi tính sớm 10,0 phút, vì Đông chí của lõi tính sớm chừng ấy, trong biên sai số 15 phút); 12 giờ trưa, giờ xét quẻ của ngày, nằm giữa hai mốc.","The change to hexagram position 51 falls at 1998-10-22 11:57 by the engine and at 1998-10-22 12:07:02 by the IMCCE winter solstice (the engine is 10.0 minutes early, because its solstice is that much early, within the 15-minute bound); 12:00 noon, the moment that decides the day's hexagram, lies between the two.",换入第 51 卦之时刻，引擎为 1998-10-22 11:57，依 IMCCE 冬至为 1998-10-22 12:07:02（引擎偏早 10.0 分钟，因其冬至亦偏早相同分钟，在 15 分钟误差界限之内）；决定当日之卦的正午 12 时恰在两者之间。,"Ngày 1998-10-22 bộ ghi quẻ thứ 51, dựng lại từ IMCCE là thứ 50 (so_van_vuong, ten_que, ten_han, hao, hao_chu_ngay đổi theo); 6 ngày sau, tới 1998-10-28, ngay_trong_que ghi hơn một, trong đó 5 ngày hao_chu_ngay lệch. Cột sat_giao_que của ngày 1998-10-22 là co.","On 1998-10-22 the dataset gives hexagram position 51, the IMCCE rebuild gives 50 (so_van_vuong, ten_que, ten_han, hao, hao_chu_ngay follow); for the next 6 days, to 1998-10-28, ngay_trong_que reads one more, and hao_chu_ngay differs on 5 of them. sat_giao_que on 1998-10-22 is co.",1998-10-22 本数据集记为第 51 卦，依 IMCCE 重建为第 50 卦（so_van_vuong、ten_que、ten_han、hao、hao_chu_ngay 随之不同）；其后 6 日至 1998-10-28，ngay_trong_que 多一，其中 5 日 hao_chu_ngay 亦不同。1998-10-22 的 sat_giao_que 为 co。,TestKiemDinhQuaiKhiIMCCE
que-ngay-2000-07-10,que-ngay-quai-khi-1900-2100,,quai-khi-manh-hy-6-ngay-7-phan-v1,que-ngay-dung-lai-imcce,IMCCE,2000-07-10,thu_tu_quai_khi,34,33,-3.8,phut,7,"Chỗ giao sang quẻ thứ 34 rơi vào 2000-07-10 11:58 theo lõi tính và 2000-07-10 12:01:48 theo Đông chí IMCCE (lõi tính sớm 3,8 phút, vì Đông chí của lõi tính sớm chừng ấy, trong biên sai số 15 phút); 12 giờ trưa, giờ xét quẻ của ngày, nằm giữa hai mốc.","The change to hexagram position 34 falls at 2000-07-10 11:58 by the engine and at 2000-07-10 12:01:48 by the IMCCE winter solstice (the engine is 3.8 minutes early, because its solstice is that much early, within the 15-minute bound); 12:00 noon, the moment that decides the day's hexagram, lies between the two.",换入第 34 卦之时刻，引擎为 2000-07-10 11:58，依 IMCCE 冬至为 2000-07-10 12:01:48（引擎偏早 3.8 分钟，因其冬至亦偏早相同分钟，在 15 分钟误差界限之内）；决定当日之卦的正午 12 时恰在两者之间。,"Ngày 2000-07-10 bộ ghi quẻ thứ 34, dựng lại từ IMCCE là thứ 33 (so_van_vuong, ten_que, ten_han, hao, hao_chu_ngay đổi theo); 6 ngày sau, tới 2000-07-16, ngay_trong_que ghi hơn một, trong đó 5 ngày hao_chu_ngay lệch. Cột sat_giao_que của ngày 2000-07-10 là co.","On 2000-07-10 the dataset gives hexagram position 34, the IMCCE rebuild gives 33 (so_van_vuong, ten_que, ten_han, hao, hao_chu_ngay follow); for the next 6 days, to 2000-07-16, ngay_trong_que reads one more, and hao_chu_ngay differs on 5 of them. sat_giao_que on 2000-07-10 is co.",2000-07-10 本数据集记为第 34 卦，依 IMCCE 重建为第 33 卦（so_van_vuong、ten_que、ten_han、hao、hao_chu_ngay 随之不同）；其后 6 日至 2000-07-16，ngay_trong_que 多一，其中 5 日 hao_chu_ngay 亦不同。2000-07-10 的 sat_giao_que 为 co。,TestKiemDinhQuaiKhiIMCCE
que-ngay-2011-03-17,que-ngay-quai-khi-1900-2100,,quai-khi-manh-hy-6-ngay-7-phan-v1,que-ngay-dung-lai-imcce,IMCCE,2011-03-17,thu_tu_quai_khi,15,14,-5.4,phut,7,"Chỗ giao sang quẻ thứ 15 rơi vào 2011-03-17 11:57 theo lõi tính và 2011-03-17 12:02:27 theo Đông chí IMCCE (lõi tính sớm 5,4 phút, vì Đông chí của lõi tính sớm chừng ấy, trong biên sai số 15 phút); 12 giờ trưa, giờ xét quẻ của ngày, nằm giữa hai mốc.","The change to hexagram position 15 falls at 2011-03-17 11:57 by the engine and at 2011-03-17 12:02:27 by the IMCCE winter solstice (the engine is 5.4 minutes early, because its solstice is that much early, within the 15-minute bound); 12:00 noon, the moment that decides the day's hexagram, lies between the two.",换入第 15 卦之时刻，引擎为 2011-03-17 11:57，依 IMCCE 冬至为 2011-03-17 12:02:27（引擎偏早 5.4 分钟，因其冬至亦偏早相同分钟，在 15 分钟误差界限之内）；决定当日之卦的正午 12 时恰在两者之间。,"Ngày 2011-03-17 bộ ghi quẻ thứ 15, dựng lại từ IMCCE là thứ 14 (so_van_vuong, ten_que, ten_han, hao, hao_chu_ngay đổi theo); 6 ngày sau, tới 2011-03-23, ngay_trong_que ghi hơn một, trong đó 5 ngày hao_chu_ngay lệch. Cột sat_giao_que của ngày 2011-03-17 là co.","On 2011-03-17 the dataset gives hexagram position 15, the IMCCE rebuild gives 14 (so_van_vuong, ten_que, ten_han, hao, hao_chu_ngay follow); for the next 6 days, to 2011-03-23, ngay_trong_que reads one more, and hao_chu_ngay differs on 5 of them. sat_giao_que on 2011-03-17 is co.",2011-03-17 本数据集记为第 15 卦，依 IMCCE 重建为第 14 卦（so_van_vuong、ten_que、ten_han、hao、hao_chu_ngay 随之不同）；其后 6 日至 2011-03-23，ngay_trong_que 多一，其中 5 日 hao_chu_ngay 亦不同。2011-03-17 的 sat_giao_que 为 co。,TestKiemDinhQuaiKhiIMCCE
que-ngay-2017-09-09,que-ngay-quai-khi-1900-2100,,quai-khi-manh-hy-6-ngay-7-phan-v1,que-ngay-dung-lai-imcce,IMCCE,2017-09-09,thu_tu_quai_khi,44,43,-4.2,phut,7,"Chỗ giao sang quẻ thứ 44 rơi vào 2017-09-09 11:58 theo lõi tính và 2017-09-09 12:02:11 theo Đông chí IMCCE (lõi tính sớm 4,2 phút, vì Đông chí của lõi tính sớm chừng ấy, trong biên sai số 15 phút); 12 giờ trưa, giờ xét quẻ của ngày, nằm giữa hai mốc.","The change to hexagram position 44 falls at 2017-09-09 11:58 by the engine and at 2017-09-09 12:02:11 by the IMCCE winter solstice (the engine is 4.2 minutes early, because its solstice is that much early, within the 15-minute bound); 12:00 noon, the moment that decides the day's hexagram, lies between the two.",换入第 44 卦之时刻，引擎为 2017-09-09 11:58，依 IMCCE 冬至为 2017-09-09 12:02:11（引擎偏早 4.2 分钟，因其冬至亦偏早相同分钟，在 15 分钟误差界限之内）；决定当日之卦的正午 12 时恰在两者之间。,"Ngày 2017-09-09 bộ ghi quẻ thứ 44, dựng lại từ IMCCE là thứ 43 (so_van_vuong, ten_que, ten_han, hao, hao_chu_ngay đổi theo); 6 ngày sau, tới 2017-09-15, ngay_trong_que ghi hơn một, trong đó 5 ngày hao_chu_ngay lệch. Cột sat_giao_que của ngày 2017-09-09 là co.","On 2017-09-09 the dataset gives hexagram position 44, the IMCCE rebuild gives 43 (so_van_vuong, ten_que, ten_han, hao, hao_chu_ngay follow); for the next 6 days, to 2017-09-15, ngay_trong_que reads one more, and hao_chu_ngay differs on 5 of them. sat_giao_que on 2017-09-09 is co.",2017-09-09 本数据集记为第 44 卦，依 IMCCE 重建为第 43 卦（so_van_vuong、ten_que、ten_han、hao、hao_chu_ngay 随之不同）；其后 6 日至 2017-09-15，ngay_trong_que 多一，其中 5 日 hao_chu_ngay 亦不同。2017-09-09 的 sat_giao_que 为 co。,TestKiemDinhQuaiKhiIMCCE
que-ngay-2028-05-16,que-ngay-quai-khi-1900-2100,,quai-khi-manh-hy-6-ngay-7-phan-v1,que-ngay-dung-lai-imcce,IMCCE,2028-05-16,thu_tu_quai_khi,25,24,-6.2,phut,7,"Chỗ giao sang quẻ thứ 25 rơi vào 2028-05-16 12:00 theo lõi tính và 2028-05-16 12:06:09 theo Đông chí IMCCE (lõi tính sớm 6,2 phút, vì Đông chí của lõi tính sớm chừng ấy, trong biên sai số 15 phút); 12 giờ trưa, giờ xét quẻ của ngày, nằm giữa hai mốc.","The change to hexagram position 25 falls at 2028-05-16 12:00 by the engine and at 2028-05-16 12:06:09 by the IMCCE winter solstice (the engine is 6.2 minutes early, because its solstice is that much early, within the 15-minute bound); 12:00 noon, the moment that decides the day's hexagram, lies between the two.",换入第 25 卦之时刻，引擎为 2028-05-16 12:00，依 IMCCE 冬至为 2028-05-16 12:06:09（引擎偏早 6.2 分钟，因其冬至亦偏早相同分钟，在 15 分钟误差界限之内）；决定当日之卦的正午 12 时恰在两者之间。,"Ngày 2028-05-16 bộ ghi quẻ thứ 25, dựng lại từ IMCCE là thứ 24 (so_van_vuong, ten_que, ten_han, hao, hao_chu_ngay đổi theo); 6 ngày sau, tới 2028-05-22, ngay_trong_que ghi hơn một, trong đó 5 ngày hao_chu_ngay lệch. Cột sat_giao_que của ngày 2028-05-16 là co.","On 2028-05-16 the dataset gives hexagram position 25, the IMCCE rebuild gives 24 (so_van_vuong, ten_que, ten_han, hao, hao_chu_ngay follow); for the next 6 days, to 2028-05-22, ngay_trong_que reads one more, and hao_chu_ngay differs on 5 of them. sat_giao_que on 2028-05-16 is co.",2028-05-16 本数据集记为第 25 卦，依 IMCCE 重建为第 24 卦（so_van_vuong、ten_que、ten_han、hao、hao_chu_ngay 随之不同）；其后 6 日至 2028-05-22，ngay_trong_que 多一，其中 5 日 hao_chu_ngay 亦不同。2028-05-16 的 sat_giao_que 为 co。,TestKiemDinhQuaiKhiIMCCE
que-ngay-2034-11-09,que-ngay-quai-khi-1900-2100,,quai-khi-manh-hy-6-ngay-7-phan-v1,que-ngay-dung-lai-imcce,IMCCE,2034-11-09,thu_tu_quai_khi,54,53,-7.9,phut,7,"Chỗ giao sang quẻ thứ 54 rơi vào 2034-11-09 11:56 theo lõi tính và 2034-11-09 12:03:56 theo Đông chí IMCCE (lõi tính sớm 7,9 phút, vì Đông chí của lõi tính sớm chừng ấy, trong biên sai số 15 phút); 12 giờ trưa, giờ xét quẻ của ngày, nằm giữa hai mốc.","The change to hexagram position 54 falls at 2034-11-09 11:56 by the engine and at 2034-11-09 12:03:56 by the IMCCE winter solstice (the engine is 7.9 minutes early, because its solstice is that much early, within the 15-minute bound); 12:00 noon, the moment that decides the day's hexagram, lies between the two.",换入第 54 卦之时刻，引擎为 2034-11-09 11:56，依 IMCCE 冬至为 2034-11-09 12:03:56（引擎偏早 7.9 分钟，因其冬至亦偏早相同分钟，在 15 分钟误差界限之内）；决定当日之卦的正午 12 时恰在两者之间。,"Ngày 2034-11-09 bộ ghi quẻ thứ 54, dựng lại từ IMCCE là thứ 53 (so_van_vuong, ten_que, ten_han, hao, hao_chu_ngay đổi theo); 6 ngày sau, tới 2034-11-15, ngay_trong_que ghi hơn một, trong đó 5 ngày hao_chu_ngay lệch. Cột sat_giao_que của ngày 2034-11-09 là co.","On 2034-11-09 the dataset gives hexagram position 54, the IMCCE rebuild gives 53 (so_van_vuong, ten_que, ten_han, hao, hao_chu_ngay follow); for the next 6 days, to 2034-11-15, ngay_trong_que reads one more, and hao_chu_ngay differs on 5 of them. sat_giao_que on 2034-11-09 is co.",2034-11-09 本数据集记为第 54 卦，依 IMCCE 重建为第 53 卦（so_van_vuong、ten_que、ten_han、hao、hao_chu_ngay 随之不同）；其后 6 日至 2034-11-15，ngay_trong_que 多一，其中 5 日 hao_chu_ngay 亦不同。2034-11-09 的 sat_giao_que 为 co。,TestKiemDinhQuaiKhiIMCCE
que-ngay-2036-07-28,que-ngay-quai-khi-1900-2100,,quai-khi-manh-hy-6-ngay-7-phan-v1,que-ngay-dung-lai-imcce,IMCCE,2036-07-28,thu_tu_quai_khi,37,36,-8.8,phut,7,"Chỗ giao sang quẻ thứ 37 rơi vào 2036-07-28 11:58 theo lõi tính và 2036-07-28 12:06:47 theo Đông chí IMCCE (lõi tính sớm 8,8 phút, vì Đông chí của lõi tính sớm chừng ấy, trong biên sai số 15 phút); 12 giờ trưa, giờ xét quẻ của ngày, nằm giữa hai mốc.","The change to hexagram position 37 falls at 2036-07-28 11:58 by the engine and at 2036-07-28 12:06:47 by the IMCCE winter solstice (the engine is 8.8 minutes early, because its solstice is that much early, within the 15-minute bound); 12:00 noon, the moment that decides the day's hexagram, lies between the two.",换入第 37 卦之时刻，引擎为 2036-07-28 11:58，依 IMCCE 冬至为 2036-07-28 12:06:47（引擎偏早 8.8 分钟，因其冬至亦偏早相同分钟，在 15 分钟误差界限之内）；决定当日之卦的正午 12 时恰在两者之间。,"Ngày 2036-07-28 bộ ghi quẻ thứ 37, dựng lại từ IMCCE là thứ 36 (so_van_vuong, ten_que, ten_han, hao, hao_chu_ngay đổi theo); 6 ngày sau, tới 2036-08-03, ngay_trong_que ghi hơn một, trong đó 5 ngày hao_chu_ngay lệch. Cột sat_giao_que của ngày 2036-07-28 là co.","On 2036-07-28 the dataset gives hexagram position 37, the IMCCE rebuild gives 36 (so_van_vuong, ten_que, ten_han, hao, hao_chu_ngay follow); for the next 6 days, to 2036-08-03, ngay_trong_que reads one more, and hao_chu_ngay differs on 5 of them. sat_giao_que on 2036-07-28 is co.",2036-07-28 本数据集记为第 37 卦，依 IMCCE 重建为第 36 卦（so_van_vuong、ten_que、ten_han、hao、hao_chu_ngay 随之不同）；其后 6 日至 2036-08-03，ngay_trong_que 多一，其中 5 日 hao_chu_ngay 亦不同。2036-07-28 的 sat_giao_que 为 co。,TestKiemDinhQuaiKhiIMCCE
que-ngay-2038-04-16,que-ngay-quai-khi-1900-2100,,quai-khi-manh-hy-6-ngay-7-phan-v1,que-ngay-dung-lai-imcce,IMCCE,2038-04-16,thu_tu_quai_khi,20,19,-4.6,phut,7,"Chỗ giao sang quẻ thứ 20 rơi vào 2038-04-16 11:57 theo lõi tính và 2038-04-16 12:01:38 theo Đông chí IMCCE (lõi tính sớm 4,6 phút, vì Đông chí của lõi tính sớm chừng ấy, trong biên sai số 15 phút); 12 giờ trưa, giờ xét quẻ của ngày, nằm giữa hai mốc.","The change to hexagram position 20 falls at 2038-04-16 11:57 by the engine and at 2038-04-16 12:01:38 by the IMCCE winter solstice (the engine is 4.6 minutes early, because its solstice is that much early, within the 15-minute bound); 12:00 noon, the moment that decides the day's hexagram, lies between the two.",换入第 20 卦之时刻，引擎为 2038-04-16 11:57，依 IMCCE 冬至为 2038-04-16 12:01:38（引擎偏早 4.6 分钟，因其冬至亦偏早相同分钟，在 15 分钟误差界限之内）；决定当日之卦的正午 12 时恰在两者之间。,"Ngày 2038-04-16 bộ ghi quẻ thứ 20, dựng lại từ IMCCE là thứ 19 (so_van_vuong, ten_que, ten_han, hao, hao_chu_ngay đổi theo); 6 ngày sau, tới 2038-04-22, ngay_trong_que ghi hơn một, trong đó 5 ngày hao_chu_ngay lệch. Cột sat_giao_que của ngày 2038-04-16 là co.","On 2038-04-16 the dataset gives hexagram position 20, the IMCCE rebuild gives 19 (so_van_vuong, ten_que, ten_han, hao, hao_chu_ngay follow); for the next 6 days, to 2038-04-22, ngay_trong_que reads one more, and hao_chu_ngay differs on 5 of them. sat_giao_que on 2038-04-16 is co.",2038-04-16 本数据集记为第 20 卦，依 IMCCE 重建为第 19 卦（so_van_vuong、ten_que、ten_han、hao、hao_chu_ngay 随之不同）；其后 6 日至 2038-04-22，ngay_trong_que 多一，其中 5 日 hao_chu_ngay 亦不同。2038-04-16 的 sat_giao_que 为 co。,TestKiemDinhQuaiKhiIMCCE
que-ngay-2047-04-04,que-ngay-quai-khi-1900-2100,,quai-khi-manh-hy-6-ngay-7-phan-v1,que-ngay-dung-lai-imcce,IMCCE,2047-04-04,thu_tu_quai_khi,18,17,-12.3,phut,7,"Chỗ giao sang quẻ thứ 18 rơi vào 2047-04-04 11:58 theo lõi tính và 2047-04-04 12:10:21 theo Đông chí IMCCE (lõi tính sớm 12,3 phút, vì Đông chí của lõi tính sớm chừng ấy, trong biên sai số 15 phút); 12 giờ trưa, giờ xét quẻ của ngày, nằm giữa hai mốc.","The change to hexagram position 18 falls at 2047-04-04 11:58 by the engine and at 2047-04-04 12:10:21 by the IMCCE winter solstice (the engine is 12.3 minutes early, because its solstice is that much early, within the 15-minute bound); 12:00 noon, the moment that decides the day's hexagram, lies between the two.",换入第 18 卦之时刻，引擎为 2047-04-04 11:58，依 IMCCE 冬至为 2047-04-04 12:10:21（引擎偏早 12.3 分钟，因其冬至亦偏早相同分钟，在 15 分钟误差界限之内）；决定当日之卦的正午 12 时恰在两者之间。,"Ngày 2047-04-04 bộ ghi quẻ thứ 18, dựng lại từ IMCCE là thứ 17 (so_van_vuong, ten_que, ten_han, hao, hao_chu_ngay đổi theo); 6 ngày sau, tới 2047-04-10, ngay_trong_que ghi hơn một, trong đó 5 ngày hao_chu_ngay lệch. Cột sat_giao_que của ngày 2047-04-04 là co.","On 2047-04-04 the dataset gives hexagram position 18, the IMCCE rebuild gives 17 (so_van_vuong, ten_que, ten_han, hao, hao_chu_ngay follow); for the next 6 days, to 2047-04-10, ngay_trong_que reads one more, and hao_chu_ngay differs on 5 of them. sat_giao_que on 2047-04-04 is co.",2047-04-04 本数据集记为第 18 卦，依 IMCCE 重建为第 17 卦（so_van_vuong、ten_que、ten_han、hao、hao_chu_ngay 随之不同）；其后 6 日至 2047-04-10，ngay_trong_que 多一，其中 5 日 hao_chu_ngay 亦不同。2047-04-04 的 sat_giao_que 为 co。,TestKiemDinhQuaiKhiIMCCE
que-ngay-2048-12-21,que-ngay-quai-khi-1900-2100,,quai-khi-manh-hy-6-ngay-7-phan-v1,que-ngay-dung-lai-imcce,IMCCE,2048-12-21,thu_tu_quai_khi,1,60,-7.1,phut,7,"Chỗ giao sang quẻ thứ 1 rơi vào 2048-12-21 11:55 theo lõi tính và 2048-12-21 12:02:08 theo Đông chí IMCCE (lõi tính sớm 7,1 phút, vì Đông chí của lõi tính sớm chừng ấy, trong biên sai số 15 phút); 12 giờ trưa, giờ xét quẻ của ngày, nằm giữa hai mốc.","The change to hexagram position 1 falls at 2048-12-21 11:55 by the engine and at 2048-12-21 12:02:08 by the IMCCE winter solstice (the engine is 7.1 minutes early, because its solstice is that much early, within the 15-minute bound); 12:00 noon, the moment that decides the day's hexagram, lies between the two.",换入第 1 卦之时刻，引擎为 2048-12-21 11:55，依 IMCCE 冬至为 2048-12-21 12:02:08（引擎偏早 7.1 分钟，因其冬至亦偏早相同分钟，在 15 分钟误差界限之内）；决定当日之卦的正午 12 时恰在两者之间。,"Ngày 2048-12-21 bộ ghi quẻ thứ 1, dựng lại từ IMCCE là thứ 60 (so_van_vuong, ten_que, ten_han, hao, hao_chu_ngay đổi theo); 6 ngày sau, tới 2048-12-27, ngay_trong_que ghi hơn một, trong đó 5 ngày hao_chu_ngay lệch. Cột sat_giao_que của ngày 2048-12-21 là co.","On 2048-12-21 the dataset gives hexagram position 1, the IMCCE rebuild gives 60 (so_van_vuong, ten_que, ten_han, hao, hao_chu_ngay follow); for the next 6 days, to 2048-12-27, ngay_trong_que reads one more, and hao_chu_ngay differs on 5 of them. sat_giao_que on 2048-12-21 is co.",2048-12-21 本数据集记为第 1 卦，依 IMCCE 重建为第 60 卦（so_van_vuong、ten_que、ten_han、hao、hao_chu_ngay 随之不同）；其后 6 日至 2048-12-27，ngay_trong_que 多一，其中 5 日 hao_chu_ngay 亦不同。2048-12-21 的 sat_giao_que 为 co。,TestKiemDinhQuaiKhiIMCCE
que-ngay-2055-06-16,que-ngay-quai-khi-1900-2100,,quai-khi-manh-hy-6-ngay-7-phan-v1,que-ngay-dung-lai-imcce,IMCCE,2055-06-16,thu_tu_quai_khi,30,29,-7.8,phut,7,"Chỗ giao sang quẻ thứ 30 rơi vào 2055-06-16 11:56 theo lõi tính và 2055-06-16 12:03:49 theo Đông chí IMCCE (lõi tính sớm 7,8 phút, vì Đông chí của lõi tính sớm chừng ấy, trong biên sai số 15 phút); 12 giờ trưa, giờ xét quẻ của ngày, nằm giữa hai mốc.","The change to hexagram position 30 falls at 2055-06-16 11:56 by the engine and at 2055-06-16 12:03:49 by the IMCCE winter solstice (the engine is 7.8 minutes early, because its solstice is that much early, within the 15-minute bound); 12:00 noon, the moment that decides the day's hexagram, lies between the two.",换入第 30 卦之时刻，引擎为 2055-06-16 11:56，依 IMCCE 冬至为 2055-06-16 12:03:49（引擎偏早 7.8 分钟，因其冬至亦偏早相同分钟，在 15 分钟误差界限之内）；决定当日之卦的正午 12 时恰在两者之间。,"Ngày 2055-06-16 bộ ghi quẻ thứ 30, dựng lại từ IMCCE là thứ 29 (so_van_vuong, ten_que, ten_han, hao, hao_chu_ngay đổi theo); 6 ngày sau, tới 2055-06-22, ngay_trong_que ghi hơn một, trong đó 5 ngày hao_chu_ngay lệch. Cột sat_giao_que của ngày 2055-06-16 là co.","On 2055-06-16 the dataset gives hexagram position 30, the IMCCE rebuild gives 29 (so_van_vuong, ten_que, ten_han, hao, hao_chu_ngay follow); for the next 6 days, to 2055-06-22, ngay_trong_que reads one more, and hao_chu_ngay differs on 5 of them. sat_giao_que on 2055-06-16 is co.",2055-06-16 本数据集记为第 30 卦，依 IMCCE 重建为第 29 卦（so_van_vuong、ten_que、ten_han、hao、hao_chu_ngay 随之不同）；其后 6 日至 2055-06-22，ngay_trong_que 多一，其中 5 日 hao_chu_ngay 亦不同。2055-06-16 的 sat_giao_que 为 co。,TestKiemDinhQuaiKhiIMCCE
que-ngay-2057-03-04,que-ngay-quai-khi-1900-2100,,quai-khi-manh-hy-6-ngay-7-phan-v1,que-ngay-dung-lai-imcce,IMCCE,2057-03-04,thu_tu_quai_khi,13,12,-8.5,phut,7,"Chỗ giao sang quẻ thứ 13 rơi vào 2057-03-04 11:55 theo lõi tính và 2057-03-04 12:03:28 theo Đông chí IMCCE (lõi tính sớm 8,5 phút, vì Đông chí của lõi tính sớm chừng ấy, trong biên sai số 15 phút); 12 giờ trưa, giờ xét quẻ của ngày, nằm giữa hai mốc.","The change to hexagram position 13 falls at 2057-03-04 11:55 by the engine and at 2057-03-04 12:03:28 by the IMCCE winter solstice (the engine is 8.5 minutes early, because its solstice is that much early, within the 15-minute bound); 12:00 noon, the moment that decides the day's hexagram, lies between the two.",换入第 13 卦之时刻，引擎为 2057-03-04 11:55，依 IMCCE 冬至为 2057-03-04 12:03:28（引擎偏早 8.5 分钟，因其冬至亦偏早相同分钟，在 15 分钟误差界限之内）；决定当日之卦的正午 12 时恰在两者之间。,"Ngày 2057-03-04 bộ ghi quẻ thứ 13, dựng lại từ IMCCE là thứ 12 (so_van_vuong, ten_que, ten_han, hao, hao_chu_ngay đổi theo); 6 ngày sau, tới 2057-03-10, ngay_trong_que ghi hơn một, trong đó 5 ngày hao_chu_ngay lệch. Cột sat_giao_que của ngày 2057-03-04 là co.","On 2057-03-04 the dataset gives hexagram position 13, the IMCCE rebuild gives 12 (so_van_vuong, ten_que, ten_han, hao, hao_chu_ngay follow); for the next 6 days, to 2057-03-10, ngay_trong_que reads one more, and hao_chu_ngay differs on 5 of them. sat_giao_que on 2057-03-04 is co.",2057-03-04 本数据集记为第 13 卦，依 IMCCE 重建为第 12 卦（so_van_vuong、ten_que、ten_han、hao、hao_chu_ngay 随之不同）；其后 6 日至 2057-03-10，ngay_trong_que 多一，其中 5 日 hao_chu_ngay 亦不同。2057-03-04 的 sat_giao_que 为 co。,TestKiemDinhQuaiKhiIMCCE
que-ngay-2060-08-09,que-ngay-quai-khi-1900-2100,,quai-khi-manh-hy-6-ngay-7-phan-v1,que-ngay-dung-lai-imcce,IMCCE,2060-08-09,thu_tu_quai_khi,39,38,-7.8,phut,7,"Chỗ giao sang quẻ thứ 39 rơi vào 2060-08-09 11:58 theo lõi tính và 2060-08-09 12:05:48 theo Đông chí IMCCE (lõi tính sớm 7,8 phút, vì Đông chí của lõi tính sớm chừng ấy, trong biên sai số 15 phút); 12 giờ trưa, giờ xét quẻ của ngày, nằm giữa hai mốc.","The change to hexagram position 39 falls at 2060-08-09 11:58 by the engine and at 2060-08-09 12:05:48 by the IMCCE winter solstice (the engine is 7.8 minutes early, because its solstice is that much early, within the 15-minute bound); 12:00 noon, the moment that decides the day's hexagram, lies between the two.",换入第 39 卦之时刻，引擎为 2060-08-09 11:58，依 IMCCE 冬至为 2060-08-09 12:05:48（引擎偏早 7.8 分钟，因其冬至亦偏早相同分钟，在 15 分钟误差界限之内）；决定当日之卦的正午 12 时恰在两者之间。,"Ngày 2060-08-09 bộ ghi quẻ thứ 39, dựng lại từ IMCCE là thứ 38 (so_van_vuong, ten_que, ten_han, hao, hao_chu_ngay đổi theo); 6 ngày sau, tới 2060-08-15, ngay_trong_que ghi hơn một, trong đó 5 ngày hao_chu_ngay lệch. Cột sat_giao_que của ngày 2060-08-09 là co.","On 2060-08-09 the dataset gives hexagram position 39, the IMCCE rebuild gives 38 (so_van_vuong, ten_que, ten_han, hao, hao_chu_ngay follow); for the next 6 days, to 2060-08-15, ngay_trong_que reads one more, and hao_chu_ngay differs on 5 of them. sat_giao_que on 2060-08-09 is co.",2060-08-09 本数据集记为第 39 卦，依 IMCCE 重建为第 38 卦（so_van_vuong、ten_que、ten_han、hao、hao_chu_ngay 随之不同）；其后 6 日至 2060-08-15，ngay_trong_que 多一，其中 5 日 hao_chu_ngay 亦不同。2060-08-09 的 sat_giao_que 为 co。,TestKiemDinhQuaiKhiIMCCE
que-ngay-2066-02-20,que-ngay-quai-khi-1900-2100,,quai-khi-manh-hy-6-ngay-7-phan-v1,que-ngay-dung-lai-imcce,IMCCE,2066-02-20,thu_tu_quai_khi,11,10,-4.6,phut,7,"Chỗ giao sang quẻ thứ 11 rơi vào 2066-02-20 11:56 theo lõi tính và 2066-02-20 12:00:35 theo Đông chí IMCCE (lõi tính sớm 4,6 phút, vì Đông chí của lõi tính sớm chừng ấy, trong biên sai số 15 phút); 12 giờ trưa, giờ xét quẻ của ngày, nằm giữa hai mốc.","The change to hexagram position 11 falls at 2066-02-20 11:56 by the engine and at 2066-02-20 12:00:35 by the IMCCE winter solstice (the engine is 4.6 minutes early, because its solstice is that much early, within the 15-minute bound); 12:00 noon, the moment that decides the day's hexagram, lies between the two.",换入第 11 卦之时刻，引擎为 2066-02-20 11:56，依 IMCCE 冬至为 2066-02-20 12:00:35（引擎偏早 4.6 分钟，因其冬至亦偏早相同分钟，在 15 分钟误差界限之内）；决定当日之卦的正午 12 时恰在两者之间。,"Ngày 2066-02-20 bộ ghi quẻ thứ 11, dựng lại từ IMCCE là thứ 10 (so_van_vuong, ten_que, ten_han, hao, hao_chu_ngay đổi theo); 6 ngày sau, tới 2066-02-26, ngay_trong_que ghi hơn một, trong đó 5 ngày hao_chu_ngay lệch. Cột sat_giao_que của ngày 2066-02-20 là co.","On 2066-02-20 the dataset gives hexagram position 11, the IMCCE rebuild gives 10 (so_van_vuong, ten_que, ten_han, hao, hao_chu_ngay follow); for the next 6 days, to 2066-02-26, ngay_trong_que reads one more, and hao_chu_ngay differs on 5 of them. sat_giao_que on 2066-02-20 is co.",2066-02-20 本数据集记为第 11 卦，依 IMCCE 重建为第 10 卦（so_van_vuong、ten_que、ten_han、hao、hao_chu_ngay 随之不同）；其后 6 日至 2066-02-26，ngay_trong_que 多一，其中 5 日 hao_chu_ngay 亦不同。2066-02-20 的 sat_giao_que 为 co。,TestKiemDinhQuaiKhiIMCCE
que-ngay-2074-05-04,que-ngay-quai-khi-1900-2100,,quai-khi-manh-hy-6-ngay-7-phan-v1,que-ngay-dung-lai-imcce,IMCCE,2074-05-04,thu_tu_quai_khi,23,22,-7.5,phut,7,"Chỗ giao sang quẻ thứ 23 rơi vào 2074-05-04 11:55 theo lõi tính và 2074-05-04 12:02:29 theo Đông chí IMCCE (lõi tính sớm 7,5 phút, vì Đông chí của lõi tính sớm chừng ấy, trong biên sai số 15 phút); 12 giờ trưa, giờ xét quẻ của ngày, nằm giữa hai mốc.","The change to hexagram position 23 falls at 2074-05-04 11:55 by the engine and at 2074-05-04 12:02:29 by the IMCCE winter solstice (the engine is 7.5 minutes early, because its solstice is that much early, within the 15-minute bound); 12:00 noon, the moment that decides the day's hexagram, lies between the two.",换入第 23 卦之时刻，引擎为 2074-05-04 11:55，依 IMCCE 冬至为 2074-05-04 12:02:29（引擎偏早 7.5 分钟，因其冬至亦偏早相同分钟，在 15 分钟误差界限之内）；决定当日之卦的正午 12 时恰在两者之间。,"Ngày 2074-05-04 bộ ghi quẻ thứ 23, dựng lại từ IMCCE là thứ 22 (so_van_vuong, ten_que, ten_han, hao, hao_chu_ngay đổi theo); 6 ngày sau, tới 2074-05-10, ngay_trong_que ghi hơn một, trong đó 5 ngày hao_chu_ngay lệch. Cột sat_giao_que của ngày 2074-05-04 là co.","On 2074-05-04 the dataset gives hexagram position 23, the IMCCE rebuild gives 22 (so_van_vuong, ten_que, ten_han, hao, hao_chu_ngay follow); for the next 6 days, to 2074-05-10, ngay_trong_que reads one more, and hao_chu_ngay differs on 5 of them. sat_giao_que on 2074-05-04 is co.",2074-05-04 本数据集记为第 23 卦，依 IMCCE 重建为第 22 卦（so_van_vuong、ten_que、ten_han、hao、hao_chu_ngay 随之不同）；其后 6 日至 2074-05-10，ngay_trong_que 多一，其中 5 日 hao_chu_ngay 亦不同。2074-05-04 的 sat_giao_que 为 co。,TestKiemDinhQuaiKhiIMCCE
que-ngay-2079-06-28,que-ngay-quai-khi-1900-2100,,quai-khi-manh-hy-6-ngay-7-phan-v1,que-ngay-dung-lai-imcce,IMCCE,2079-06-28,thu_tu_quai_khi,32,31,-7.8,phut,7,"Chỗ giao sang quẻ thứ 32 rơi vào 2079-06-28 11:56 theo lõi tính và 2079-06-28 12:03:45 theo Đông chí IMCCE (lõi tính sớm 7,8 phút, vì Đông chí của lõi tính sớm chừng ấy, trong biên sai số 15 phút); 12 giờ trưa, giờ xét quẻ của ngày, nằm giữa hai mốc.","The change to hexagram position 32 falls at 2079-06-28 11:56 by the engine and at 2079-06-28 12:03:45 by the IMCCE winter solstice (the engine is 7.8 minutes early, because its solstice is that much early, within the 15-minute bound); 12:00 noon, the moment that decides the day's hexagram, lies between the two.",换入第 32 卦之时刻，引擎为 2079-06-28 11:56，依 IMCCE 冬至为 2079-06-28 12:03:45（引擎偏早 7.8 分钟，因其冬至亦偏早相同分钟，在 15 分钟误差界限之内）；决定当日之卦的正午 12 时恰在两者之间。,"Ngày 2079-06-28 bộ ghi quẻ thứ 32, dựng lại từ IMCCE là thứ 31 (so_van_vuong, ten_que, ten_han, hao, hao_chu_ngay đổi theo); 6 ngày sau, tới 2079-07-04, ngay_trong_que ghi hơn một, trong đó 5 ngày hao_chu_ngay lệch. Cột sat_giao_que của ngày 2079-06-28 là co.","On 2079-06-28 the dataset gives hexagram position 32, the IMCCE rebuild gives 31 (so_van_vuong, ten_que, ten_han, hao, hao_chu_ngay follow); for the next 6 days, to 2079-07-04, ngay_trong_que reads one more, and hao_chu_ngay differs on 5 of them. sat_giao_que on 2079-06-28 is co.",2079-06-28 本数据集记为第 32 卦，依 IMCCE 重建为第 31 卦（so_van_vuong、ten_que、ten_han、hao、hao_chu_ngay 随之不同）；其后 6 日至 2079-07-04，ngay_trong_que 多一，其中 5 日 hao_chu_ngay 亦不同。2079-06-28 的 sat_giao_que 为 co。,TestKiemDinhQuaiKhiIMCCE
que-ngay-2082-12-03,que-ngay-quai-khi-1900-2100,,quai-khi-manh-hy-6-ngay-7-phan-v1,que-ngay-dung-lai-imcce,IMCCE,2082-12-03,thu_tu_quai_khi,58,57,-10.3,phut,7,"Chỗ giao sang quẻ thứ 58 rơi vào 2082-12-03 11:54 theo lõi tính và 2082-12-03 12:04:19 theo Đông chí IMCCE (lõi tính sớm 10,3 phút, vì Đông chí của lõi tính sớm chừng ấy, trong biên sai số 15 phút); 12 giờ trưa, giờ xét quẻ của ngày, nằm giữa hai mốc.","The change to hexagram position 58 falls at 2082-12-03 11:54 by the engine and at 2082-12-03 12:04:19 by the IMCCE winter solstice (the engine is 10.3 minutes early, because its solstice is that much early, within the 15-minute bound); 12:00 noon, the moment that decides the day's hexagram, lies between the two.",换入第 58 卦之时刻，引擎为 2082-12-03 11:54，依 IMCCE 冬至为 2082-12-03 12:04:19（引擎偏早 10.3 分钟，因其冬至亦偏早相同分钟，在 15 分钟误差界限之内）；决定当日之卦的正午 12 时恰在两者之间。,"Ngày 2082-12-03 bộ ghi quẻ thứ 58, dựng lại từ IMCCE là thứ 57 (so_van_vuong, ten_que, ten_han, hao, hao_chu_ngay đổi theo); 6 ngày sau, tới 2082-12-09, ngay_trong_que ghi hơn một, trong đó 5 ngày hao_chu_ngay lệch. Cột sat_giao_que của ngày 2082-12-03 là co.","On 2082-12-03 the dataset gives hexagram position 58, the IMCCE rebuild gives 57 (so_van_vuong, ten_que, ten_han, hao, hao_chu_ngay follow); for the next 6 days, to 2082-12-09, ngay_trong_que reads one more, and hao_chu_ngay differs on 5 of them. sat_giao_que on 2082-12-03 is co.",2082-12-03 本数据集记为第 58 卦，依 IMCCE 重建为第 57 卦（so_van_vuong、ten_que、ten_han、hao、hao_chu_ngay 随之不同）；其后 6 日至 2082-12-09，ngay_trong_que 多一，其中 5 日 hao_chu_ngay 亦不同。2082-12-03 的 sat_giao_que 为 co。,TestKiemDinhQuaiKhiIMCCE
que-ngay-2083-04-22,que-ngay-quai-khi-1900-2100,,quai-khi-manh-hy-6-ngay-7-phan-v1,que-ngay-dung-lai-imcce,IMCCE,2083-04-22,thu_tu_quai_khi,21,20,-4.5,phut,7,"Chỗ giao sang quẻ thứ 21 rơi vào 2083-04-22 12:00 theo lõi tính và 2083-04-22 12:04:29 theo Đông chí IMCCE (lõi tính sớm 4,5 phút, vì Đông chí của lõi tính sớm chừng ấy, trong biên sai số 15 phút); 12 giờ trưa, giờ xét quẻ của ngày, nằm giữa hai mốc.","The change to hexagram position 21 falls at 2083-04-22 12:00 by the engine and at 2083-04-22 12:04:29 by the IMCCE winter solstice (the engine is 4.5 minutes early, because its solstice is that much early, within the 15-minute bound); 12:00 noon, the moment that decides the day's hexagram, lies between the two.",换入第 21 卦之时刻，引擎为 2083-04-22 12:00，依 IMCCE 冬至为 2083-04-22 12:04:29（引擎偏早 4.5 分钟，因其冬至亦偏早相同分钟，在 15 分钟误差界限之内）；决定当日之卦的正午 12 时恰在两者之间。,"Ngày 2083-04-22 bộ ghi quẻ thứ 21, dựng lại từ IMCCE là thứ 20 (so_van_vuong, ten_que, ten_han, hao, hao_chu_ngay đổi theo); 6 ngày sau, tới 2083-04-28, ngay_trong_que ghi hơn một, trong đó 5 ngày hao_chu_ngay lệch. Cột sat_giao_que của ngày 2083-04-22 là co.","On 2083-04-22 the dataset gives hexagram position 21, the IMCCE rebuild gives 20 (so_van_vuong, ten_que, ten_han, hao, hao_chu_ngay follow); for the next 6 days, to 2083-04-28, ngay_trong_que reads one more, and hao_chu_ngay differs on 5 of them. sat_giao_que on 2083-04-22 is co.",2083-04-22 本数据集记为第 21 卦，依 IMCCE 重建为第 20 卦（so_van_vuong、ten_que、ten_han、hao、hao_chu_ngay 随之不同）；其后 6 日至 2083-04-28，ngay_trong_que 多一，其中 5 日 hao_chu_ngay 亦不同。2083-04-22 的 sat_giao_que 为 co。,TestKiemDinhQuaiKhiIMCCE
que-ngay-2093-03-22,que-ngay-quai-khi-1900-2100,,quai-khi-manh-hy-6-ngay-7-phan-v1,que-ngay-dung-lai-imcce,IMCCE,2093-03-22,thu_tu_quai_khi,16,15,-7.8,phut,7,"Chỗ giao sang quẻ thứ 16 rơi vào 2093-03-22 11:54 theo lõi tính và 2093-03-22 12:01:49 theo Đông chí IMCCE (lõi tính sớm 7,8 phút, vì Đông chí của lõi tính sớm chừng ấy, trong biên sai số 15 phút); 12 giờ trưa, giờ xét quẻ của ngày, nằm giữa hai mốc.","The change to hexagram position 16 falls at 2093-03-22 11:54 by the engine and at 2093-03-22 12:01:49 by the IMCCE winter solstice (the engine is 7.8 minutes early, because its solstice is that much early, within the 15-minute bound); 12:00 noon, the moment that decides the day's hexagram, lies between the two.",换入第 16 卦之时刻，引擎为 2093-03-22 11:54，依 IMCCE 冬至为 2093-03-22 12:01:49（引擎偏早 7.8 分钟，因其冬至亦偏早相同分钟，在 15 分钟误差界限之内）；决定当日之卦的正午 12 时恰在两者之间。,"Ngày 2093-03-22 bộ ghi quẻ thứ 16, dựng lại từ IMCCE là thứ 15 (so_van_vuong, ten_que, ten_han, hao, hao_chu_ngay đổi theo); 6 ngày sau, tới 2093-03-28, ngay_trong_que ghi hơn một, trong đó 5 ngày hao_chu_ngay lệch. Cột sat_giao_que của ngày 2093-03-22 là co.","On 2093-03-22 the dataset gives hexagram position 16, the IMCCE rebuild gives 15 (so_van_vuong, ten_que, ten_han, hao, hao_chu_ngay follow); for the next 6 days, to 2093-03-28, ngay_trong_que reads one more, and hao_chu_ngay differs on 5 of them. sat_giao_que on 2093-03-22 is co.",2093-03-22 本数据集记为第 16 卦，依 IMCCE 重建为第 15 卦（so_van_vuong、ten_que、ten_han、hao、hao_chu_ngay 随之不同）；其后 6 日至 2093-03-28，ngay_trong_que 多一，其中 5 日 hao_chu_ngay 亦不同。2093-03-22 的 sat_giao_que 为 co。,TestKiemDinhQuaiKhiIMCCE
que-ngay-2096-08-27,que-ngay-quai-khi-1900-2100,,quai-khi-manh-hy-6-ngay-7-phan-v1,que-ngay-dung-lai-imcce,IMCCE,2096-08-27,thu_tu_quai_khi,42,41,-6.7,phut,7,"Chỗ giao sang quẻ thứ 42 rơi vào 2096-08-27 12:00 theo lõi tính và 2096-08-27 12:06:42 theo Đông chí IMCCE (lõi tính sớm 6,7 phút, vì Đông chí của lõi tính sớm chừng ấy, trong biên sai số 15 phút); 12 giờ trưa, giờ xét quẻ của ngày, nằm giữa hai mốc.","The change to hexagram position 42 falls at 2096-08-27 12:00 by the engine and at 2096-08-27 12:06:42 by the IMCCE winter solstice (the engine is 6.7 minutes early, because its solstice is that much early, within the 15-minute bound); 12:00 noon, the moment that decides the day's hexagram, lies between the two.",换入第 42 卦之时刻，引擎为 2096-08-27 12:00，依 IMCCE 冬至为 2096-08-27 12:06:42（引擎偏早 6.7 分钟，因其冬至亦偏早相同分钟，在 15 分钟误差界限之内）；决定当日之卦的正午 12 时恰在两者之间。,"Ngày 2096-08-27 bộ ghi quẻ thứ 42, dựng lại từ IMCCE là thứ 41 (so_van_vuong, ten_que, ten_han, hao, hao_chu_ngay đổi theo); 6 ngày sau, tới 2096-09-02, ngay_trong_que ghi hơn một, trong đó 5 ngày hao_chu_ngay lệch. Cột sat_giao_que của ngày 2096-08-27 là co.","On 2096-08-27 the dataset gives hexagram position 42, the IMCCE rebuild gives 41 (so_van_vuong, ten_que, ten_han, hao, hao_chu_ngay follow); for the next 6 days, to 2096-09-02, ngay_trong_que reads one more, and hao_chu_ngay differs on 5 of them. sat_giao_que on 2096-08-27 is co.",2096-08-27 本数据集记为第 42 卦，依 IMCCE 重建为第 41 卦（so_van_vuong、ten_que、ten_han、hao、hao_chu_ngay 随之不同）；其后 6 日至 2096-09-02，ngay_trong_que 多一，其中 5 日 hao_chu_ngay 亦不同。2096-08-27 的 sat_giao_que 为 co。,TestKiemDinhQuaiKhiIMCCE
que-ngay-2098-05-16,que-ngay-quai-khi-1900-2100,,quai-khi-manh-hy-6-ngay-7-phan-v1,que-ngay-dung-lai-imcce,IMCCE,2098-05-16,thu_tu_quai_khi,25,24,-7.3,phut,7,"Chỗ giao sang quẻ thứ 25 rơi vào 2098-05-16 11:54 theo lõi tính và 2098-05-16 12:01:16 theo Đông chí IMCCE (lõi tính sớm 7,3 phút, vì Đông chí của lõi tính sớm chừng ấy, trong biên sai số 15 phút); 12 giờ trưa, giờ xét quẻ của ngày, nằm giữa hai mốc.","The change to hexagram position 25 falls at 2098-05-16 11:54 by the engine and at 2098-05-16 12:01:16 by the IMCCE winter solstice (the engine is 7.3 minutes early, because its solstice is that much early, within the 15-minute bound); 12:00 noon, the moment that decides the day's hexagram, lies between the two.",换入第 25 卦之时刻，引擎为 2098-05-16 11:54，依 IMCCE 冬至为 2098-05-16 12:01:16（引擎偏早 7.3 分钟，因其冬至亦偏早相同分钟，在 15 分钟误差界限之内）；决定当日之卦的正午 12 时恰在两者之间。,"Ngày 2098-05-16 bộ ghi quẻ thứ 25, dựng lại từ IMCCE là thứ 24 (so_van_vuong, ten_que, ten_han, hao, hao_chu_ngay đổi theo); 6 ngày sau, tới 2098-05-22, ngay_trong_que ghi hơn một, trong đó 5 ngày hao_chu_ngay lệch. Cột sat_giao_que của ngày 2098-05-16 là co.","On 2098-05-16 the dataset gives hexagram position 25, the IMCCE rebuild gives 24 (so_van_vuong, ten_que, ten_han, hao, hao_chu_ngay follow); for the next 6 days, to 2098-05-22, ngay_trong_que reads one more, and hao_chu_ngay differs on 5 of them. sat_giao_que on 2098-05-16 is co.",2098-05-16 本数据集记为第 25 卦，依 IMCCE 重建为第 24 卦（so_van_vuong、ten_que、ten_han、hao、hao_chu_ngay 随之不同）；其后 6 日至 2098-05-22，ngay_trong_que 多一，其中 5 日 hao_chu_ngay 亦不同。2098-05-16 的 sat_giao_que 为 co。,TestKiemDinhQuaiKhiIMCCE
