source_id,loai_nguon,tac_pham,tac_pham_en,tac_pham_zh,tac_gia,tac_gia_en,tac_gia_zh,ban_in,ban_in_en,ban_in_zh,vi_tri,vi_tri_en,vi_tri_zh,trang,url,ban_luu,ngay_truy_cap,sha256_tep,tep_trong_kho,bo_dung,mo_hinh_dung,kiem_dinh_dung,nguyen_van_trong_meta,ghi_chu,ghi_chu_en,ghi_chu_zh
src.bang-nap-am,quy-uoc-truyen-thong,Bảng nạp âm lục thập hoa giáp,Nayin table of the sixty-year cycle,六十甲子纳音表,,,,,,,,,,,,,,,,hoa-giap-ghep-cheo,,,Bảng nạp âm lục thập hoa giáp,"Bảng truyền thống, không gắn một tác phẩm hay bản in nào.","A traditional table, not tied to any single work or edition.",传统表格，不对应任何一部著作或版本。
src.bat-trach-minh-canh,quy-uoc-truyen-thong,Bát Trạch Minh Cảnh,Bazhai Mingjing,八宅明镜,,,,,,,,,,,,,,,,cung-phi-bat-trach,,,Bát Trạch Minh Cảnh,Tên sách được nêu làm gốc của phép Bát Trạch; bộ dữ liệu chưa đối chiếu với một bản in cụ thể.,Named as the origin of the Eight Mansions method; the dataset has not been checked against a specific edition.,作为八宅法的出处列出；数据集尚未与具体版本对照。
src.chu-dich,van-ban,Chu Dịch,Zhouyi (Book of Changes),周易,,,,,,,,,,,,,,,,64-que-kinh-dich,,,Chu Dịch,Tên kinh nêu chung; bản dùng để đối chiếu thứ tự và tên quẻ là src.chu-hy.chu-dich-ban-nghia.,The classic named in general; the edition used to check hexagram order and names is src.chu-hy.chu-dich-ban-nghia.,泛称经名；用以对照卦序与卦名的版本为 src.chu-hy.chu-dich-ban-nghia。
src.chu-hy.chu-dich-ban-nghia,van-ban,Chu Dịch bản nghĩa,Zhouyi Benyi,周易本义,Chu Hy,Zhu Xi,朱熹,bản điện tử Chinese Text Project (ctext.org),Chinese Text Project (ctext.org) digital edition,中国哲学书电子化计划（ctext.org）电子本,"quyển đầu: Bát quái thủ tượng ca, Thượng hạ kinh quái danh thứ tự ca, Phân cung quái tượng thứ tự","opening juan: Bagua quxiang ge, Shangxia jing guaming cixu ge, Fengong guaxiang cixu",卷首：八卦取象歌、上下经卦名次序歌、分宫卦象次序,,,,,,,64-que-kinh-dich,,64-que-kinh-dich/chu-dich-ban-nghia,"Chu Hy, Chu Dịch bản nghĩa, quyển đầu; Chu Hy, Chu Dịch bản nghĩa, quyển đầu (Thượng hạ kinh quái danh thứ tự ca, Phân cung quái tượng thứ tự), đối chiếu bản ctext.org; Chu Dịch bản nghĩa (Chu Hy)","Test coreengine/kinhdich_batbien_test.go tách thứ tự, tên và bát cung của 64 quẻ từ các bài ca này; sổ chưa ghi URL trang cụ thể.","The test coreengine/kinhdich_batbien_test.go extracts the order, names and eight palaces of the 64 hexagrams from these verses; the register has no specific page URL yet.",测试 coreengine/kinhdich_batbien_test.go 从这些歌诀中提取六十四卦的次序、卦名与八宫；登记册尚未记录具体页面网址。
src.espenak-meeus.delta-t-2006,tinh-toan,Đa thức ΔT theo từng khoảng năm,Piecewise polynomials for ΔT,分段 ΔT 多项式,"Espenak, Meeus","Espenak, Meeus",Espenak、Meeus,"NASA, 2006","NASA, 2006",NASA，2006,,,,,,,,,,24-tiet-khi; bien-cung-hoang-dao-1950-2050; lich-am-duong-1900-2100; moc-tiet-khi-1900-2100; que-ngay-quai-khi-1900-2100; thu-tu-60-que-quai-khi,tiet-khi-meeus-c25-bieu-kien-v2,,espenak-meeus-2006,"ΔT = TT - UT, lấy ở giữa năm dương lịch; dùng trong mô hình tiết khí.","ΔT = TT - UT, taken at mid-year; used in the solar term model.",ΔT = TT - UT，取公历年中值；用于节气模型。
src.ho-ngoc-duc.lich-am,tinh-toan,Thuật toán tính âm lịch Việt Nam,Vietnamese lunar calendar algorithm,越南农历算法,Hồ Ngọc Đức,Hồ Ngọc Đức,胡玉德,,,,,,,,,,,,,le-hoi-quy-doi-ngay-duong; lich-am-duong-1900-2100; ngay-ky-dan-gian-2026-2035,lich-am-ho-ngoc-duc-utc7-v1,,ho-ngoc-duc-newmoon; ho-ngoc-duc-sunlongitude,Điểm sóc theo chuỗi rút gọn của Meeus kèm ΔT riêng của thuật toán; trung khí theo kinh độ hình học của Mặt Trời.,New moons from Meeus's short series with the algorithm's own ΔT; principal terms from the Sun's geometric longitude.,朔用 Meeus 简化级数并配以算法自带的 ΔT；中气用太阳几何黄经。
src.imcce.miriade,tham-chieu-ngoai,"Dịch vụ Miriade ephemcc, lý thuyết hành tinh INPOP","Miriade ephemcc service, INPOP planetary theory",Miriade ephemcc 服务，INPOP 行星理论,IMCCE (Đài Thiên văn Paris),IMCCE (Paris Observatory),IMCCE（巴黎天文台）,,,,,,,,https://ssp.imcce.fr/webservices/miriade/api/ephemcc.php,,2026-09-27,3f6fad729304ae8631ed2ef495f4867c56f5d1195de56c2eb3b2c45243c2b1da,services/api/internal/coreengine/testdata/lichphap/imcce_tiet_khi_1900_2100.tsv,24-tiet-khi; bien-cung-hoang-dao-1950-2050; le-hoi-quy-doi-ngay-duong; lich-am-duong-1900-2100; moc-tiet-khi-1900-2100; ngay-ky-dan-gian-2026-2035; que-ngay-quai-khi-1900-2100; thu-tu-60-que-quai-khi,lich-am-ho-ngoc-duc-utc7-v1; quai-khi-manh-hy-6-ngay-7-phan-v1; tiet-khi-meeus-c25-bieu-kien-v2,lich-am-ho-ngoc-duc-utc7-v1/thang-am-dung-lai; quai-khi-manh-hy-6-ngay-7-phan-v1/dong-chi-imcce; quai-khi-manh-hy-6-ngay-7-phan-v1/que-ngay-dung-lai-imcce; tiet-khi-meeus-c25-bieu-kien-v2/gio-giao-tiet-imcce; tiet-khi-meeus-c25-bieu-kien-v2/ngay-giao-tiet-imcce,,"Đối chiếu 4.824 mốc, dung sai 15 phút, test TestKiemCheoGioTietKhi.","Checked on 4,824 moments, tolerance 15 minutes, test TestKiemCheoGioTietKhi.","对照 4,824 个时刻，容差 15 分钟，测试 TestKiemCheoGioTietKhi。"
src.khong-dinh-dat.chu-dich-chinh-nghia,van-ban,Chu Dịch chính nghĩa,Zhouyi Zhengyi,周易正义,Khổng Dĩnh Đạt,Kong Yingda,孔颖达,,,,"lời sớ quẻ Phục, dẫn Dịch vĩ Kê Lãm Đồ","subcommentary on hexagram Fu, quoting the Yiwei Jilantu",复卦疏，引《易纬稽览图》,,,,,,,que-ngay-quai-khi-1900-2100; thu-tu-60-que-quai-khi,quai-khi-manh-hy-6-ngay-7-phan-v1,,"Khổng Dĩnh Đạt, Chu Dịch chính nghĩa, lời sớ quẻ Phục (dẫn Dịch vĩ Kê Lãm Đồ)","Nguồn của quy tắc mỗi quẻ 6 ngày 7 phần, mỗi hào chủ một ngày.","Source of the rule of 6 days 7 parts per hexagram, one day per line.",每卦六日七分、每爻主一日之说的出处。
src.lo-ban-kinh,quy-uoc-truyen-thong,Lỗ Ban Kinh,Lu Ban Jing,鲁班经,,,,,,,,,,,,,,,,thuoc-lo-ban,,,Lỗ Ban Kinh,"Tên sách được nêu làm gốc của thước Lỗ Ban; bộ dữ liệu theo thước lưu hành chia cung đều, chưa đối chiếu với một bản in cụ thể.",Named as the origin of the Lu Ban ruler; the dataset follows the rulers in circulation with evenly divided sections and has not been checked against a specific edition.,作为鲁班尺的出处列出；数据集依市面通行、分格均等的尺，尚未与具体版本对照。
src.meeus.astronomical-algorithms,tinh-toan,Astronomical Algorithms,Astronomical Algorithms,Astronomical Algorithms（《天文算法》）,Jean Meeus,Jean Meeus,Jean Meeus,,,,chương 25,chapter 25,第 25 章,,,,,,,24-tiet-khi; bien-cung-hoang-dao-1950-2050; lich-am-duong-1900-2100; moc-tiet-khi-1900-2100; que-ngay-quai-khi-1900-2100; thu-tu-60-que-quai-khi,tiet-khi-meeus-c25-bieu-kien-v2,,meeus-c25-rut-gon,"Kinh độ Mặt Trời theo phương trình tâm ba số hạng (chuỗi rút gọn), không phải VSOP87 đầy đủ; sổ chưa ghi bản in.","Solar longitude from the three-term equation of the centre (short series), not full VSOP87; the register does not record the edition.",太阳黄经采用三项中心差方程（简化级数），并非完整 VSOP87；登记册未记录版本。
src.nasa.phasecat,tham-chieu-ngoai,Six Millennium Catalog of Phases of the Moon,Six Millennium Catalog of Phases of the Moon,Six Millennium Catalog of Phases of the Moon（六千年月相表）,"Fred Espenak, NASA GSFC","Fred Espenak, NASA GSFC",Fred Espenak，NASA 戈达德太空飞行中心,,,,,,,,https://eclipse.gsfc.nasa.gov/phase/phasecat.html,,2026-09-27,9d934604558f1528b01c849d52ef2fac409fe6960f74590cdfc8e8a9d5e9fb12,services/api/internal/coreengine/testdata/lichphap/nasa_soc_1901_2100.tsv,le-hoi-quy-doi-ngay-duong; lich-am-duong-1900-2100; ngay-ky-dan-gian-2026-2035,lich-am-ho-ngoc-duc-utc7-v1,lich-am-ho-ngoc-duc-utc7-v1/diem-soc-nasa; lich-am-ho-ngoc-duc-utc7-v1/thang-am-dung-lai,,"Đối chiếu 2.474 mốc, dung sai 5 phút, test TestKiemCheoDiemSocNASA.","Checked on 2,474 moments, tolerance 5 minutes, test TestKiemCheoDiemSocNASA.","对照 2,474 个时刻，容差 5 分钟，测试 TestKiemCheoDiemSocNASA。"
src.ngoc-hap-thong-thu,quy-uoc-truyen-thong,Ngọc Hạp Thông Thư,Ngọc Hạp Thông Thư,玉匣通书,,,,"dẫn lại, không đối chiếu trực tiếp một bản in","cited at second hand, not checked against a printed edition",转引，未直接对照印本,,,,,,,,,,ngay-ky-dan-gian-2026-2035,,,Ngọc Hạp Thông Thư (dẫn lại),,,
src.rider-waite-smith,quy-uoc-he-hien-dai,Hệ Tarot Rider-Waite-Smith,Rider-Waite-Smith Tarot system,韦特塔罗体系,,,,,,,,,,,,,,,,22-an-chinh-tarot; 56-an-phu-tarot,,,Rider-Waite-Smith,"Tên hệ bài, không phải một bản in cụ thể; từ khoá và nghĩa trong hai bộ Tarot do Nhật Nguyệt viết theo hệ ấy.","The name of a deck system, not a specific edition; the keywords and meanings in the two Tarot datasets are written by Nhật Nguyệt within that system.",牌组体系名称，并非具体版本；两个塔罗数据集中的关键词与牌义由 Nhật Nguyệt 依该体系撰写。
src.tan-duong-thu.q27a,van-ban,Tân Đường thư,New Book of Tang,新唐书,Nhất Hạnh (phần Quái nghị),Yixing (the Gua yi section),一行（卦议部分）,Wikisource tiếng Trung,Chinese Wikisource,中文维基文库,"quyển 27 thượng (Lịch chí 3 thượng), Quái nghị","juan 27A (Treatise on Calendars 3A), Gua yi",卷二十七上（历志三上），卦议,,https://zh.wikisource.org/wiki/新唐書/卷027上,,,,,que-ngay-quai-khi-1900-2100; thu-tu-60-que-quai-khi,quai-khi-manh-hy-6-ngay-7-phan-v1,,"Tân Đường thư, quyển 27 thượng (Lịch chí 3 thượng), Quái nghị của Nhất Hạnh","Nguồn của lối Mạnh Hỷ (khởi Trung Phu ở Đông chí, sáu mươi quẻ đều 6 ngày 7 phần) và của bốn quẻ tứ chính mỗi hào một khí; ngày truy cập chưa ghi.","Source of the Meng Xi reading (Inner Truth at the winter solstice, all sixty hexagrams 6 days 7 parts) and of the four cardinal hexagrams at one line per solar term; access date not recorded.",孟喜之说（冬至起中孚，六十卦皆六日七分）及四正卦每爻主一气的出处；访问日期未记录。
src.tan-duong-thu.q28a,van-ban,Tân Đường thư,New Book of Tang,新唐书,,,,Wikisource tiếng Trung,Chinese Wikisource,中文维基文库,"quyển 28 thượng (Lịch chí 4 thượng), bảng phát liễm thuật của lịch Đại Diễn","juan 28A (Treatise on Calendars 4A), table of the fa lian shu of the Dayan calendar",卷二十八上（历志四上），大衍历发敛术之表,,https://zh.wikisource.org/wiki/新唐書/卷028上,,,,,que-ngay-quai-khi-1900-2100; thu-tu-60-que-quai-khi,quai-khi-manh-hy-6-ngay-7-phan-v1,thu-tu-60-que-quai-khi/tan-duong-thu,"Tân Đường thư, quyển 28 thượng (Lịch chí 4 thượng), phát liễm thuật của lịch Đại Diễn; Tân Đường thư, quyển 28 thượng (thứ tự sáu mươi quẻ); Tân Đường thư, quyển 28 thượng","Nguồn của thứ tự sáu mươi quẻ; bản Wikisource chép quẻ thứ 22 là 史, lỗi chép của 夬 (nhat_ky_hieu_dinh trong meta bộ thu-tu-60-que-quai-khi); ngày truy cập chưa ghi.","Source of the order of the sixty hexagrams; the Wikisource text gives hexagram 22 as 史, a copying error for 夬 (nhat_ky_hieu_dinh in the metadata of thu-tu-60-que-quai-khi); access date not recorded.",六十卦次序的出处；维基文库本第 22 卦作「史」，乃「夬」之误（见 thu-tu-60-que-quai-khi 元数据中的 nhat_ky_hieu_dinh）；访问日期未记录。
src.usno.seasons,tham-chieu-ngoai,Astronomical Applications API (seasons),Astronomical Applications API (seasons),Astronomical Applications API（seasons，二分二至）,U.S. Naval Observatory,U.S. Naval Observatory,美国海军天文台,,,,,,,,https://aa.usno.navy.mil/api/seasons,,2026-09-27,ef70a6694d2764f13f8409b2dade5fb87ade9161d0fdccc683b6993f472d8419,services/api/internal/coreengine/testdata/lichphap/usno_phan_chi_1900_2100.tsv,24-tiet-khi; bien-cung-hoang-dao-1950-2050; lich-am-duong-1900-2100; moc-tiet-khi-1900-2100; que-ngay-quai-khi-1900-2100; thu-tu-60-que-quai-khi,tiet-khi-meeus-c25-bieu-kien-v2,tiet-khi-meeus-c25-bieu-kien-v2/gio-giao-tiet-usno; tiet-khi-meeus-c25-bieu-kien-v2/ngay-giao-tiet-usno,,"Đối chiếu 804 mốc, dung sai 15 phút, test TestKiemCheoGioTietKhi.","Checked on 804 moments, tolerance 15 minutes, test TestKiemCheoGioTietKhi.",对照 804 个时刻，容差 15 分钟，测试 TestKiemCheoGioTietKhi。
