id,loai_thuoc,ten_thuoc,chu_ky_mm,dung_de,thu_tu_cung,cung,cung_han,tot_xau,tu_mm,den_mm,y_nghia,cung_nho,nguon,ghi_chu
THONG_THUY-01,THONG_THUY,"Thước thông thủy 52,2cm",522,"Đo khoảng rỗng: lòng cửa đi, cửa sổ, ô thoáng, giếng trời.",1,Quý Nhân,貴人,tot,0,65.25,"Trên thước Lỗ Ban lưu hành, cung này xếp vào nhóm tốt. Tên cung viết 貴人, nghĩa là người quý, tức người giúp đỡ.",Quyền lộc; Trung tín; Tác quan; Phát đạt; Thông minh,"quy-uoc-truyen-thong: thước Lỗ Ban lưu hành, chia cung đều",
THONG_THUY-02,THONG_THUY,"Thước thông thủy 52,2cm",522,"Đo khoảng rỗng: lòng cửa đi, cửa sổ, ô thoáng, giếng trời.",2,Hiểm Họa,險禍,xau,65.25,130.5,"Trên thước Lỗ Ban lưu hành, cung này xếp vào nhóm xấu. Tên cung viết 險禍, nghĩa là hiểm nguy và tai hoạ.",Tán thành; Thời nhân; Thất hiếu; Tai họa; Trường bệnh,"quy-uoc-truyen-thong: thước Lỗ Ban lưu hành, chia cung đều",
THONG_THUY-03,THONG_THUY,"Thước thông thủy 52,2cm",522,"Đo khoảng rỗng: lòng cửa đi, cửa sổ, ô thoáng, giếng trời.",3,Thiên Tai,天災,xau,130.5,195.75,"Trên thước Lỗ Ban lưu hành, cung này xếp vào nhóm xấu. Tên cung viết 天災, nghĩa là tai hoạ từ trời.",Hoàn tử; Quan tài; Thân bệnh; Thất tài; Cô quả,"quy-uoc-truyen-thong: thước Lỗ Ban lưu hành, chia cung đều",
THONG_THUY-04,THONG_THUY,"Thước thông thủy 52,2cm",522,"Đo khoảng rỗng: lòng cửa đi, cửa sổ, ô thoáng, giếng trời.",4,Thiên Tài,天財,tot,195.75,261,"Trên thước Lỗ Ban lưu hành, cung này xếp vào nhóm tốt. Tên cung viết 天財, nghĩa là của trời cho.",Thi thơ; Văn học; Thanh quý; Tác lộc; Thiên lộc,"quy-uoc-truyen-thong: thước Lỗ Ban lưu hành, chia cung đều",
THONG_THUY-05,THONG_THUY,"Thước thông thủy 52,2cm",522,"Đo khoảng rỗng: lòng cửa đi, cửa sổ, ô thoáng, giếng trời.",5,Phúc Lộc,福祿,tot,261,326.25,"Trên thước Lỗ Ban lưu hành, cung này xếp vào nhóm tốt. Tên cung viết 福祿, nghĩa là phúc và lộc.",Tử tôn; Phú quý; Tấn bửu; Thập thiện; Văn chương,"quy-uoc-truyen-thong: thước Lỗ Ban lưu hành, chia cung đều",
THONG_THUY-06,THONG_THUY,"Thước thông thủy 52,2cm",522,"Đo khoảng rỗng: lòng cửa đi, cửa sổ, ô thoáng, giếng trời.",6,Cô Độc,孤獨,xau,326.25,391.5,"Trên thước Lỗ Ban lưu hành, cung này xếp vào nhóm xấu. Tên cung viết 孤獨, nghĩa là lẻ loi một mình.",Bạc nghịch; Vô vọng; Ly tán; Tửu thực; Dâm dục,"quy-uoc-truyen-thong: thước Lỗ Ban lưu hành, chia cung đều",
THONG_THUY-07,THONG_THUY,"Thước thông thủy 52,2cm",522,"Đo khoảng rỗng: lòng cửa đi, cửa sổ, ô thoáng, giếng trời.",7,Thiên Tặc,天賊,xau,391.5,456.75,"Trên thước Lỗ Ban lưu hành, cung này xếp vào nhóm xấu. Tên cung viết 天賊, nghĩa là kẻ trộm của trời.",Phòng bệnh; Chiêu ôn; Ôn tai; Ngục tù; Quan tài,"quy-uoc-truyen-thong: thước Lỗ Ban lưu hành, chia cung đều",
THONG_THUY-08,THONG_THUY,"Thước thông thủy 52,2cm",522,"Đo khoảng rỗng: lòng cửa đi, cửa sổ, ô thoáng, giếng trời.",8,Tể Tướng,宰相,tot,456.75,522,"Trên thước Lỗ Ban lưu hành, cung này xếp vào nhóm tốt. Tên cung viết 宰相, nghĩa là quan đứng đầu triều.",Đại tài; Thi thơ; Hoạnh tài; Hiếu tử; Quý nhân,"quy-uoc-truyen-thong: thước Lỗ Ban lưu hành, chia cung đều",
DUONG_TRACH-01,DUONG_TRACH,"Thước dương trạch 42,9cm",429,"Đo khối đặc: bệ, móng, giường, tủ, bàn, bậc.",1,Tài,財,tot,0,53.625,"Trên thước Lỗ Ban lưu hành, cung này xếp vào nhóm tốt. Tên cung viết 財, nghĩa là tiền của.",Tài đức; Bảo khố; Lục hợp; Nghênh phúc,"quy-uoc-truyen-thong: thước Lỗ Ban lưu hành, chia cung đều",
DUONG_TRACH-02,DUONG_TRACH,"Thước dương trạch 42,9cm",429,"Đo khối đặc: bệ, móng, giường, tủ, bàn, bậc.",2,Bệnh,病,xau,53.625,107.25,"Trên thước Lỗ Ban lưu hành, cung này xếp vào nhóm xấu. Tên cung viết 病, nghĩa là bệnh.",Thoát tài; Công sự; Lao chấp; Cô quả,"quy-uoc-truyen-thong: thước Lỗ Ban lưu hành, chia cung đều",
DUONG_TRACH-03,DUONG_TRACH,"Thước dương trạch 42,9cm",429,"Đo khối đặc: bệ, móng, giường, tủ, bàn, bậc.",3,Ly,離,xau,107.25,160.875,"Trên thước Lỗ Ban lưu hành, cung này xếp vào nhóm xấu. Tên cung viết 離, nghĩa là chia lìa.",Trưởng khố; Kiếp tài; Quan quỷ; Thất thoát,"quy-uoc-truyen-thong: thước Lỗ Ban lưu hành, chia cung đều",
DUONG_TRACH-04,DUONG_TRACH,"Thước dương trạch 42,9cm",429,"Đo khối đặc: bệ, móng, giường, tủ, bàn, bậc.",4,Nghĩa,義,tot,160.875,214.5,"Trên thước Lỗ Ban lưu hành, cung này xếp vào nhóm tốt. Tên cung viết 義, nghĩa là điều nghĩa, lẽ phải.",Thêm đinh; Ích lợi; Quý tử; Đại cát,"quy-uoc-truyen-thong: thước Lỗ Ban lưu hành, chia cung đều",
DUONG_TRACH-05,DUONG_TRACH,"Thước dương trạch 42,9cm",429,"Đo khối đặc: bệ, móng, giường, tủ, bàn, bậc.",5,Quan,官,tot,214.5,268.125,"Trên thước Lỗ Ban lưu hành, cung này xếp vào nhóm tốt. Tên cung viết 官, nghĩa là quan chức.",Thuận khoa; Hoạnh tài; Tiến ích; Phú quý,"quy-uoc-truyen-thong: thước Lỗ Ban lưu hành, chia cung đều",
DUONG_TRACH-06,DUONG_TRACH,"Thước dương trạch 42,9cm",429,"Đo khối đặc: bệ, móng, giường, tủ, bàn, bậc.",6,Kiếp,劫,xau,268.125,321.75,"Trên thước Lỗ Ban lưu hành, cung này xếp vào nhóm xấu. Tên cung viết 劫, nghĩa là cướp đoạt.",Tử biệt; Thoái khẩu; Ly hương; Tài thất,"quy-uoc-truyen-thong: thước Lỗ Ban lưu hành, chia cung đều",
DUONG_TRACH-07,DUONG_TRACH,"Thước dương trạch 42,9cm",429,"Đo khối đặc: bệ, móng, giường, tủ, bàn, bậc.",7,Hại,害,xau,321.75,375.375,"Trên thước Lỗ Ban lưu hành, cung này xếp vào nhóm xấu. Tên cung viết 害, nghĩa là tổn hại.",Tai chí; Tử tuyệt; Bệnh lâm; Khẩu thiệt,"quy-uoc-truyen-thong: thước Lỗ Ban lưu hành, chia cung đều",
DUONG_TRACH-08,DUONG_TRACH,"Thước dương trạch 42,9cm",429,"Đo khối đặc: bệ, móng, giường, tủ, bàn, bậc.",8,Bản,本,tot,375.375,429,"Trên thước Lỗ Ban lưu hành, cung này xếp vào nhóm tốt. Tên cung viết 本, nghĩa là gốc.",Tài chí; Đăng khoa; Tiến bảo; Hưng vượng,"quy-uoc-truyen-thong: thước Lỗ Ban lưu hành, chia cung đều",
AM_PHAN-01,AM_PHAN,"Thước âm phần 38,8cm",388,"Đo bàn thờ, mộ phần, đồ thờ.",1,Đinh,丁,tot,0,38.8,"Trên thước Lỗ Ban lưu hành, cung này xếp vào nhóm tốt. Tên cung viết 丁, nghĩa là con trai, nhân đinh.",,"quy-uoc-truyen-thong: thước Lỗ Ban lưu hành, chia cung đều",
AM_PHAN-02,AM_PHAN,"Thước âm phần 38,8cm",388,"Đo bàn thờ, mộ phần, đồ thờ.",2,Hại,害,xau,38.8,77.6,"Trên thước Lỗ Ban lưu hành, cung này xếp vào nhóm xấu. Tên cung viết 害, nghĩa là tổn hại.",,"quy-uoc-truyen-thong: thước Lỗ Ban lưu hành, chia cung đều",
AM_PHAN-03,AM_PHAN,"Thước âm phần 38,8cm",388,"Đo bàn thờ, mộ phần, đồ thờ.",3,Vượng,旺,tot,77.6,116.39999999999999,"Trên thước Lỗ Ban lưu hành, cung này xếp vào nhóm tốt. Tên cung viết 旺, nghĩa là hưng vượng.",,"quy-uoc-truyen-thong: thước Lỗ Ban lưu hành, chia cung đều",
AM_PHAN-04,AM_PHAN,"Thước âm phần 38,8cm",388,"Đo bàn thờ, mộ phần, đồ thờ.",4,Khổ,苦,xau,116.39999999999999,155.2,"Trên thước Lỗ Ban lưu hành, cung này xếp vào nhóm xấu. Tên cung viết 苦, nghĩa là khổ.",,"quy-uoc-truyen-thong: thước Lỗ Ban lưu hành, chia cung đều",
AM_PHAN-05,AM_PHAN,"Thước âm phần 38,8cm",388,"Đo bàn thờ, mộ phần, đồ thờ.",5,Nghĩa,義,tot,155.2,194,"Trên thước Lỗ Ban lưu hành, cung này xếp vào nhóm tốt. Tên cung viết 義, nghĩa là điều nghĩa, lẽ phải.",,"quy-uoc-truyen-thong: thước Lỗ Ban lưu hành, chia cung đều",
AM_PHAN-06,AM_PHAN,"Thước âm phần 38,8cm",388,"Đo bàn thờ, mộ phần, đồ thờ.",6,Quan,官,tot,194,232.79999999999998,"Trên thước Lỗ Ban lưu hành, cung này xếp vào nhóm tốt. Tên cung viết 官, nghĩa là quan chức.",,"quy-uoc-truyen-thong: thước Lỗ Ban lưu hành, chia cung đều",
AM_PHAN-07,AM_PHAN,"Thước âm phần 38,8cm",388,"Đo bàn thờ, mộ phần, đồ thờ.",7,Tử,死,xau,232.79999999999998,271.59999999999997,"Trên thước Lỗ Ban lưu hành, cung này xếp vào nhóm xấu. Tên cung viết 死, nghĩa là chết.",,"quy-uoc-truyen-thong: thước Lỗ Ban lưu hành, chia cung đều",
AM_PHAN-08,AM_PHAN,"Thước âm phần 38,8cm",388,"Đo bàn thờ, mộ phần, đồ thờ.",8,Hưng,興,tot,271.59999999999997,310.4,"Trên thước Lỗ Ban lưu hành, cung này xếp vào nhóm tốt. Tên cung viết 興, nghĩa là hưng khởi.",,"quy-uoc-truyen-thong: thước Lỗ Ban lưu hành, chia cung đều",
AM_PHAN-09,AM_PHAN,"Thước âm phần 38,8cm",388,"Đo bàn thờ, mộ phần, đồ thờ.",9,Thất,失,xau,310.4,349.2,"Trên thước Lỗ Ban lưu hành, cung này xếp vào nhóm xấu. Tên cung viết 失, nghĩa là mất.",,"quy-uoc-truyen-thong: thước Lỗ Ban lưu hành, chia cung đều",
AM_PHAN-10,AM_PHAN,"Thước âm phần 38,8cm",388,"Đo bàn thờ, mộ phần, đồ thờ.",10,Tài,財,tot,349.2,388,"Trên thước Lỗ Ban lưu hành, cung này xếp vào nhóm tốt. Tên cung viết 財, nghĩa là tiền của.",,"quy-uoc-truyen-thong: thước Lỗ Ban lưu hành, chia cung đều",
